"Order_ID","Order_Date","Customer_ID","Customer_Name","Product","Category","Quantity","Price","Sales","Profit","City","State","Region","Year","Month","Quarter","Month_Name","Profit_Margin","Is_Outlier"
"EC-1001",2025-07-14,"CUST-141","Henry Carter","Cotton Slim Fit T-Shirt","Clothing",1,2000,2000,620.72,"Boston","Massachusetts","East",2025,7,"Q3","Jul",0.3104,FALSE
"EC-1002",2024-11-16,"CUST-117","Daniel Lee","LED Desk Lamp","Furniture",3,4000,12000,-1142.61,"Philadelphia","Pennsylvania","East",2024,11,"Q4","Nov",-0.0952,FALSE
"EC-1003",2024-06-01,"CUST-102","Jane Smith","Gel Pen Set (12-pack)","Office Supplies",4,900,3600,1967.39,"Dallas","Texas","Central",2024,6,"Q2","Jun",0.5465,FALSE
"EC-1004",2024-03-14,"CUST-115","Ethan Jackson","Dell XPS 15","Electronics",1,124000,124000,33887.66,"Los Angeles","California","West",2024,3,"Q1","Mar",0.2733,FALSE
"EC-1005",2024-08-15,"CUST-123","David Rodriguez","iPhone 15 Pro","Electronics",5,82900,414500,80135.81,"Miami","Florida","South",2024,8,"Q3","Aug",0.1933,TRUE
"EC-1006",2024-05-25,"CUST-127","Jackson Hall","Gel Pen Set (12-pack)","Office Supplies",2,900,1800,1079.07,"Los Angeles","California","West",2024,5,"Q2","May",0.5995,FALSE
"EC-1007",2025-09-25,"CUST-140","Camila Nelson","Solid Oak Dining Table","Furniture",2,66000,132000,-14383.73,"Atlanta","Georgia","South",2025,9,"Q3","Sep",-0.109,FALSE
"EC-1008",2024-02-18,"CUST-103","Michael Johnson","Premium Notebook Pack","Office Supplies",1,1200,1200,663.69,"New York","New York","East",2024,2,"Q1","Feb",0.5531,FALSE
"EC-1009",2024-05-07,"CUST-134","Grace Hill","Heavy Duty Stapler","Office Supplies",5,1800,9000,4476.56,"Houston","Texas","Central",2024,5,"Q2","May",0.4974,FALSE
"EC-1010",2024-10-29,"CUST-149","Julian Evans","Sony WH-1000XM5","Electronics",1,33000,33000,6050.56,"New York","New York","East",2024,10,"Q4","Oct",0.1834,FALSE
"EC-1011",2024-01-24,"CUST-103","Michael Johnson","Sony WH-1000XM5","Electronics",3,33000,99000,33831.39,"Atlanta","Georgia","South",2024,1,"Q1","Jan",0.3417,FALSE
"EC-1012",2026-04-18,"CUST-143","Wyatt Perez","Premium Notebook Pack","Office Supplies",2,1200,2400,1187.05,"Nashville","Tennessee","South",2026,4,"Q2","Apr",0.4946,FALSE
"EC-1013",2024-12-21,"CUST-137","Gabriel Adams","Premium Notebook Pack","Office Supplies",1,1200,1200,773.12,"Chicago","Illinois","Central",2024,12,"Q4","Dec",0.6443,FALSE
"EC-1014",2025-08-23,"CUST-122","Abigail Clark","iPhone 15 Pro","Electronics",2,82900,165800,38429.57,"Los Angeles","California","West",2025,8,"Q3","Aug",0.2318,TRUE
"EC-1015",2024-06-13,"CUST-133","Luke Lopez","Cotton Slim Fit T-Shirt","Clothing",1,2000,2000,586,"Philadelphia","Pennsylvania","East",2024,6,"Q2","Jun",0.293,FALSE
"EC-1016",2025-09-13,"CUST-103","Michael Johnson","Solid Oak Dining Table","Furniture",2,66000,132000,15632.37,"Atlanta","Georgia","South",2025,9,"Q3","Sep",0.1184,FALSE
"EC-1017",2025-06-15,"CUST-114","Charlotte Moore","Solid Oak Dining Table","Furniture",4,66000,264000,-38062.98,"Miami","Florida","South",2025,6,"Q2","Jun",-0.1442,TRUE
"EC-1018",2025-02-13,"CUST-138","Chloe Baker","LED Desk Lamp","Furniture",1,4000,4000,5.11,"Dallas","Texas","Central",2025,2,"Q1","Feb",0.0013,FALSE
"EC-1019",2026-05-31,"CUST-116","Amelia Martin","Denim Jeans","Clothing",3,4900,14700,7830.41,"Seattle","Washington","West",2026,5,"Q2","May",0.5327,FALSE
"EC-1020",2026-05-28,"CUST-110","Isabella Wilson","Premium Notebook Pack","Office Supplies",3,1200,3600,1790.62,"Nashville","Tennessee","South",2026,5,"Q2","May",0.4974,FALSE
"EC-1021",2024-10-23,"CUST-127","Jackson Hall","Sony WH-1000XM5","Electronics",2,33000,66000,18784.28,"Nashville","Tennessee","South",2024,10,"Q4","Oct",0.2846,FALSE
"EC-1022",2025-08-23,"CUST-108","Sophia Martinez","Denim Jeans","Clothing",4,4900,19600,6449.39,"Nashville","Tennessee","South",2025,8,"Q3","Aug",0.3291,FALSE
"EC-1023",2024-10-09,"CUST-123","David Rodriguez","Cotton Slim Fit T-Shirt","Clothing",1,2000,2000,591.34,"Boston","Massachusetts","East",2024,10,"Q4","Oct",0.2957,FALSE
"EC-1024",2025-09-12,"CUST-109","Benjamin Miller","Modern Sofa","Furniture",1,74500,74500,14365.3,"Dallas","Texas","Central",2025,9,"Q3","Sep",0.1928,FALSE
"EC-1025",2025-05-31,"CUST-135","Owen Scott","Gel Pen Set (12-pack)","Office Supplies",2,900,1800,720.45,"Los Angeles","California","West",2025,5,"Q2","May",0.4003,FALSE
"EC-1026",2024-07-30,"CUST-134","Grace Hill","Running Shoes","Clothing",2,9900,19800,8704.62,"Houston","Texas","Central",2024,7,"Q3","Jul",0.4396,FALSE
"EC-1027",2026-05-09,"CUST-138","Chloe Baker","Running Shoes","Clothing",2,9900,19800,5661.67,"Nashville","Tennessee","South",2026,5,"Q2","May",0.2859,FALSE
"EC-1028",2026-05-21,"CUST-134","Grace Hill","Solid Oak Dining Table","Furniture",1,66000,66000,-5408.53,"New York","New York","East",2026,5,"Q2","May",-0.0819,FALSE
"EC-1029",2024-09-15,"CUST-148","Nora Parker","Gel Pen Set (12-pack)","Office Supplies",1,900,900,480.46,"Chicago","Illinois","Central",2024,9,"Q3","Sep",0.5338,FALSE
"EC-1030",2024-11-09,"CUST-130","Ella Hernandez","Dell XPS 15","Electronics",2,124000,248000,63936.09,"Chicago","Illinois","Central",2024,11,"Q4","Nov",0.2578,TRUE
"EC-1031",2025-04-25,"CUST-125","Joseph Lee","Sony WH-1000XM5","Electronics",2,33000,66000,17665.73,"Chicago","Illinois","Central",2025,4,"Q2","Apr",0.2677,FALSE
"EC-1032",2024-10-24,"CUST-130","Ella Hernandez","Modern Sofa","Furniture",2,74500,149000,-4959.02,"Dallas","Texas","Central",2024,10,"Q4","Oct",-0.0333,FALSE
"EC-1033",2024-01-24,"CUST-109","Benjamin Miller","Dry Erase Whiteboard","Office Supplies",3,3700,11100,5841.93,"Boston","Massachusetts","East",2024,1,"Q1","Jan",0.5263,FALSE
"EC-1034",2024-06-06,"CUST-137","Gabriel Adams","Cotton Slim Fit T-Shirt","Clothing",2,2000,4000,1649.33,"Nashville","Tennessee","South",2024,6,"Q2","Jun",0.4123,FALSE
"EC-1035",2024-10-25,"CUST-117","Daniel Lee","LED Desk Lamp","Furniture",1,4000,4000,49.69,"Seattle","Washington","West",2024,10,"Q4","Oct",0.0124,FALSE
"EC-1036",2025-02-09,"CUST-144","Layla Roberts","Premium Notebook Pack","Office Supplies",1,1200,1200,768.83,"Boston","Massachusetts","East",2025,2,"Q1","Feb",0.6407,FALSE
"EC-1037",2024-11-09,"CUST-120","Evelyn Harris","Running Shoes","Clothing",2,9900,19800,7362.67,"San Francisco","California","West",2024,11,"Q4","Nov",0.3719,FALSE
"EC-1038",2025-10-09,"CUST-136","Victoria Green","Gel Pen Set (12-pack)","Office Supplies",1,900,900,355.21,"Miami","Florida","South",2025,10,"Q4","Oct",0.3947,FALSE
"EC-1039",2024-10-18,"CUST-138","Chloe Baker","Solid Oak Dining Table","Furniture",2,66000,132000,11686.88,"Dallas","Texas","Central",2024,10,"Q4","Oct",0.0885,FALSE
"EC-1040",2026-04-15,"CUST-134","Grace Hill","iPhone 15 Pro","Electronics",2,82900,165800,42282.87,"Los Angeles","California","West",2026,4,"Q2","Apr",0.255,TRUE
"EC-1041",2024-05-25,"CUST-103","Michael Johnson","Sony WH-1000XM5","Electronics",3,33000,99000,26270.6,"Nashville","Tennessee","South",2024,5,"Q2","May",0.2654,FALSE
"EC-1042",2025-09-12,"CUST-150","Zoe Edwards","Gel Pen Set (12-pack)","Office Supplies",2,900,1800,671.72,"Seattle","Washington","West",2025,9,"Q3","Sep",0.3732,FALSE
"EC-1043",2024-12-13,"CUST-117","Daniel Lee","Ergonomic Office Chair","Furniture",1,20500,20500,-2128.76,"New York","New York","East",2024,12,"Q4","Dec",-0.1038,FALSE
"EC-1044",2024-07-15,"CUST-124","Elizabeth Lewis","LED Desk Lamp","Furniture",1,4000,4000,569.69,"Atlanta","Georgia","South",2024,7,"Q3","Jul",0.1424,FALSE
"EC-1045",2025-05-30,"CUST-150","Zoe Edwards","Premium Notebook Pack","Office Supplies",2,1200,2400,1516.85,"Chicago","Illinois","Central",2025,5,"Q2","May",0.632,FALSE
"EC-1046",2024-08-13,"CUST-111","Lucas Anderson","Running Shoes","Clothing",2,9900,19800,5393.79,"Dallas","Texas","Central",2024,8,"Q3","Aug",0.2724,FALSE
"EC-1047",2025-05-18,"CUST-108","Sophia Martinez","Heavy Duty Stapler","Office Supplies",2,1800,3600,1345.05,"Houston","Texas","Central",2025,5,"Q2","May",0.3736,FALSE
"EC-1048",2024-12-20,"CUST-139","Carter Gonzalez","Modern Sofa","Furniture",2,74500,149000,-19703.78,"Nashville","Tennessee","South",2024,12,"Q4","Dec",-0.1322,TRUE
"EC-1049",2025-12-27,"CUST-120","Evelyn Harris","Denim Jeans","Clothing",1,4900,4900,1374.91,"Seattle","Washington","West",2025,12,"Q4","Dec",0.2806,FALSE
"EC-1050",2024-09-01,"CUST-128","Sofia Allen","Cotton Slim Fit T-Shirt","Clothing",2,2000,4000,1853.57,"Seattle","Washington","West",2024,9,"Q3","Sep",0.4634,FALSE
"EC-1051",2025-09-17,"CUST-123","David Rodriguez","Heavy Duty Stapler","Office Supplies",5,1800,9000,3363.67,"Boston","Massachusetts","East",2025,9,"Q3","Sep",0.3737,FALSE
"EC-1052",2024-09-18,"CUST-133","Luke Lopez","Dry Erase Whiteboard","Office Supplies",1,3700,3700,1546.39,"New York","New York","East",2024,9,"Q3","Sep",0.4179,FALSE
"EC-1053",2025-01-24,"CUST-119","Matthew White","Cotton Slim Fit T-Shirt","Clothing",3,2000,6000,3256.4,"Houston","Texas","Central",2025,1,"Q1","Jan",0.5427,FALSE
"EC-1054",2024-05-09,"CUST-116","Amelia Martin","Ergonomic Office Chair","Furniture",2,20500,41000,-5750.4,"New York","New York","East",2024,5,"Q2","May",-0.1403,FALSE
"EC-1055",2025-01-06,"CUST-140","Camila Nelson","Running Shoes","Clothing",4,9900,39600,18231.21,"Boston","Massachusetts","East",2025,1,"Q1","Jan",0.4604,FALSE
"EC-1056",2024-01-03,"CUST-150","Zoe Edwards","Heavy Duty Stapler","Office Supplies",2,1800,3600,1360.09,"Atlanta","Georgia","South",2024,1,"Q1","Jan",0.3778,FALSE
"EC-1057",2025-01-08,"CUST-110","Isabella Wilson","Heavy Duty Stapler","Office Supplies",1,1800,1800,896.59,"New York","New York","East",2025,1,"Q1","Jan",0.4981,FALSE
"EC-1058",2025-02-08,"CUST-110","Isabella Wilson","Cotton Slim Fit T-Shirt","Clothing",1,2000,2000,1015.36,"New York","New York","East",2025,2,"Q1","Feb",0.5077,FALSE
"EC-1059",2026-02-08,"CUST-119","Matthew White","Heavy Duty Stapler","Office Supplies",1,1800,1800,746.26,"New York","New York","East",2026,2,"Q1","Feb",0.4146,FALSE
"EC-1060",2026-05-19,"CUST-113","Alexander Taylor","Running Shoes","Clothing",3,9900,29700,12501.81,"Los Angeles","California","West",2026,5,"Q2","May",0.4209,FALSE
"EC-1061",2025-11-28,"CUST-123","David Rodriguez","Solid Oak Dining Table","Furniture",1,66000,66000,3072.98,"Seattle","Washington","West",2025,11,"Q4","Nov",0.0466,FALSE
"EC-1062",2025-10-11,"CUST-144","Layla Roberts","Waterproof Leather Jacket","Clothing",4,14900,59600,25312.53,"Nashville","Tennessee","South",2025,10,"Q4","Oct",0.4247,FALSE
"EC-1063",2024-02-09,"CUST-140","Camila Nelson","Ergonomic Office Chair","Furniture",3,20500,61500,-1176.42,"Nashville","Tennessee","South",2024,2,"Q1","Feb",-0.0191,FALSE
"EC-1064",2025-05-31,"CUST-138","Chloe Baker","Denim Jeans","Clothing",2,4900,9800,4843.53,"Philadelphia","Pennsylvania","East",2025,5,"Q2","May",0.4942,FALSE
"EC-1065",2024-02-02,"CUST-139","Carter Gonzalez","Gel Pen Set (12-pack)","Office Supplies",3,900,2700,1714.06,"San Francisco","California","West",2024,2,"Q1","Feb",0.6348,FALSE
"EC-1066",2024-04-12,"CUST-139","Carter Gonzalez","Ergonomic Office Chair","Furniture",3,20500,61500,5011.41,"Boston","Massachusetts","East",2024,4,"Q2","Apr",0.0815,FALSE
"EC-1067",2024-08-15,"CUST-137","Gabriel Adams","Cotton Slim Fit T-Shirt","Clothing",5,2000,10000,4513.99,"Boston","Massachusetts","East",2024,8,"Q3","Aug",0.4514,FALSE
"EC-1068",2024-04-18,"CUST-101","John Doe","Waterproof Leather Jacket","Clothing",4,14900,59600,14913.11,"Miami","Florida","South",2024,4,"Q2","Apr",0.2502,FALSE
"EC-1069",2024-11-24,"CUST-143","Wyatt Perez","Running Shoes","Clothing",1,9900,9900,2666.69,"Miami","Florida","South",2024,11,"Q4","Nov",0.2694,FALSE
"EC-1070",2025-10-30,"CUST-134","Grace Hill","iPhone 15 Pro","Electronics",5,82900,414500,98156.07,"Houston","Texas","Central",2025,10,"Q4","Oct",0.2368,TRUE
"EC-1071",2024-03-16,"CUST-150","Zoe Edwards","LED Desk Lamp","Furniture",1,4000,4000,-440.62,"Nashville","Tennessee","South",2024,3,"Q1","Mar",-0.1102,FALSE
"EC-1072",2026-02-15,"CUST-123","David Rodriguez","Waterproof Leather Jacket","Clothing",1,14900,14900,4089.9,"New York","New York","East",2026,2,"Q1","Feb",0.2745,FALSE
"EC-1073",2025-05-05,"CUST-142","Penelope Mitchell","Running Shoes","Clothing",2,9900,19800,9568.23,"Dallas","Texas","Central",2025,5,"Q2","May",0.4832,FALSE
"EC-1074",2025-06-30,"CUST-138","Chloe Baker","Denim Jeans","Clothing",1,4900,4900,1482.76,"Los Angeles","California","West",2025,6,"Q2","Jun",0.3026,FALSE
"EC-1075",2026-01-02,"CUST-136","Victoria Green","Running Shoes","Clothing",2,9900,19800,5931.71,"Seattle","Washington","West",2026,1,"Q1","Jan",0.2996,FALSE
"EC-1076",2024-01-16,"CUST-112","Mia Thomas","Dell XPS 15","Electronics",1,124000,124000,16353.12,"Dallas","Texas","Central",2024,1,"Q1","Jan",0.1319,FALSE
"EC-1077",2024-12-22,"CUST-106","Olivia Jones","Running Shoes","Clothing",2,9900,19800,8348.85,"Atlanta","Georgia","South",2024,12,"Q4","Dec",0.4217,FALSE
"EC-1078",2026-01-01,"CUST-117","Daniel Lee","Sony WH-1000XM5","Electronics",4,33000,132000,35391.01,"Boston","Massachusetts","East",2026,1,"Q1","Jan",0.2681,TRUE
"EC-1079",2024-09-04,"CUST-146","Lillian Phillips","LED Desk Lamp","Furniture",4,4000,16000,-530.3,"Houston","Texas","Central",2024,9,"Q3","Sep",-0.0331,FALSE
"EC-1080",2024-11-20,"CUST-101","John Doe","Running Shoes","Clothing",3,9900,29700,16235.77,"Miami","Florida","South",2024,11,"Q4","Nov",0.5467,FALSE
"EC-1081",2025-09-21,"CUST-143","Wyatt Perez","Denim Jeans","Clothing",3,4900,14700,5522.5,"Houston","Texas","Central",2025,9,"Q3","Sep",0.3757,FALSE
"EC-1082",2025-10-03,"CUST-120","Evelyn Harris","Heavy Duty Stapler","Office Supplies",3,1800,5400,3002.47,"New York","New York","East",2025,10,"Q4","Oct",0.556,FALSE
"EC-1083",2024-03-22,"CUST-126","Avery Walker","Sony WH-1000XM5","Electronics",3,33000,99000,24623.49,"San Francisco","California","West",2024,3,"Q1","Mar",0.2487,FALSE
"EC-1084",2026-05-30,"CUST-119","Matthew White","Cotton Slim Fit T-Shirt","Clothing",2,2000,4000,2168,"Houston","Texas","Central",2026,5,"Q2","May",0.542,FALSE
"EC-1085",2024-11-20,"CUST-137","Gabriel Adams","Cotton Slim Fit T-Shirt","Clothing",1,2000,2000,1007.08,"Los Angeles","California","West",2024,11,"Q4","Nov",0.5035,FALSE
"EC-1086",2025-09-13,"CUST-103","Michael Johnson","iPad Air","Electronics",1,49000,49000,10480.63,"Philadelphia","Pennsylvania","East",2025,9,"Q3","Sep",0.2139,FALSE
"EC-1087",2024-12-25,"CUST-145","Matthew Turner","Dell XPS 15","Electronics",4,124000,496000,119335.98,"Los Angeles","California","West",2024,12,"Q4","Dec",0.2406,TRUE
"EC-1088",2024-10-22,"CUST-119","Matthew White","Solid Oak Dining Table","Furniture",1,66000,66000,-2099.32,"New York","New York","East",2024,10,"Q4","Oct",-0.0318,FALSE
"EC-1089",2024-05-28,"CUST-150","Zoe Edwards","Waterproof Leather Jacket","Clothing",2,14900,29800,12234.85,"Chicago","Illinois","Central",2024,5,"Q2","May",0.4106,FALSE
"EC-1090",2025-07-22,"CUST-120","Evelyn Harris","Cotton Slim Fit T-Shirt","Clothing",1,2000,2000,785.79,"Nashville","Tennessee","South",2025,7,"Q3","Jul",0.3929,FALSE
"EC-1091",2024-04-09,"CUST-131","Jack King","Running Shoes","Clothing",1,9900,9900,4830.69,"San Francisco","California","West",2024,4,"Q2","Apr",0.4879,FALSE
"EC-1092",2024-10-24,"CUST-114","Charlotte Moore","Ergonomic Office Chair","Furniture",5,20500,102500,-11061.1,"Philadelphia","Pennsylvania","East",2024,10,"Q4","Oct",-0.1079,FALSE
"EC-1093",2025-02-05,"CUST-134","Grace Hill","Running Shoes","Clothing",2,9900,19800,8138.91,"San Francisco","California","West",2025,2,"Q1","Feb",0.4111,FALSE
"EC-1094",2024-03-31,"CUST-133","Luke Lopez","iPhone 15 Pro","Electronics",2,82900,165800,23431.94,"San Francisco","California","West",2024,3,"Q1","Mar",0.1413,FALSE
"EC-1095",2026-02-19,"CUST-122","Abigail Clark","Modern Sofa","Furniture",2,74500,149000,9246.23,"Miami","Florida","South",2026,2,"Q1","Feb",0.0621,FALSE
"EC-1096",2024-06-29,"CUST-146","Lillian Phillips","Heavy Duty Stapler","Office Supplies",3,1800,5400,1892.43,"Atlanta","Georgia","South",2024,6,"Q2","Jun",0.3505,FALSE
"EC-1097",2024-02-23,"CUST-107","James Garcia","Modern Sofa","Furniture",1,74500,74500,2885.38,"Dallas","Texas","Central",2024,2,"Q1","Feb",0.0387,FALSE
"EC-1098",2026-04-30,"CUST-147","Daniel Campbell","iPad Air","Electronics",3,49000,147000,18080.09,"Los Angeles","California","West",2026,4,"Q2","Apr",0.123,FALSE
"EC-1099",2024-10-14,"CUST-138","Chloe Baker","Cotton Slim Fit T-Shirt","Clothing",2,2000,4000,1456.93,"Los Angeles","California","West",2024,10,"Q4","Oct",0.3642,FALSE
"EC-1100",2025-12-20,"CUST-144","Layla Roberts","Running Shoes","Clothing",4,9900,39600,13812.91,"Dallas","Texas","Central",2025,12,"Q4","Dec",0.3488,FALSE
"EC-1101",2026-01-27,"CUST-143","Wyatt Perez","Heavy Duty Stapler","Office Supplies",2,1800,3600,2288.38,"Houston","Texas","Central",2026,1,"Q1","Jan",0.6357,FALSE
"EC-1102",2024-02-29,"CUST-110","Isabella Wilson","Premium Notebook Pack","Office Supplies",3,1200,3600,1853.57,"Miami","Florida","South",2024,2,"Q1","Feb",0.5149,FALSE
"EC-1103",2024-10-11,"CUST-130","Ella Hernandez","Modern Sofa","Furniture",3,74500,223500,-14312.62,"Atlanta","Georgia","South",2024,10,"Q4","Oct",-0.064,TRUE
"EC-1104",2026-04-28,"CUST-149","Julian Evans","Sony WH-1000XM5","Electronics",2,33000,66000,13432.93,"Miami","Florida","South",2026,4,"Q2","Apr",0.2035,FALSE
"EC-1105",2025-09-11,"CUST-125","Joseph Lee","Gel Pen Set (12-pack)","Office Supplies",1,900,900,382.93,"Miami","Florida","South",2025,9,"Q3","Sep",0.4255,FALSE
"EC-1106",2025-01-11,"CUST-110","Isabella Wilson","Dry Erase Whiteboard","Office Supplies",3,3700,11100,3979.86,"San Francisco","California","West",2025,1,"Q1","Jan",0.3585,FALSE
"EC-1107",2026-05-02,"CUST-130","Ella Hernandez","Ergonomic Office Chair","Furniture",1,20500,20500,-2896.41,"Miami","Florida","South",2026,5,"Q2","May",-0.1413,FALSE
"EC-1108",2025-09-29,"CUST-127","Jackson Hall","Cotton Slim Fit T-Shirt","Clothing",2,2000,4000,1149.09,"Dallas","Texas","Central",2025,9,"Q3","Sep",0.2873,FALSE
"EC-1109",2025-03-02,"CUST-119","Matthew White","Cotton Slim Fit T-Shirt","Clothing",2,2000,4000,1097.49,"Miami","Florida","South",2025,3,"Q1","Mar",0.2744,FALSE
"EC-1110",2025-03-17,"CUST-142","Penelope Mitchell","Running Shoes","Clothing",1,9900,9900,3113.56,"San Francisco","California","West",2025,3,"Q1","Mar",0.3145,FALSE
"EC-1111",2024-04-21,"CUST-109","Benjamin Miller","Dell XPS 15","Electronics",1,124000,124000,22000.61,"Miami","Florida","South",2024,4,"Q2","Apr",0.1774,FALSE
"EC-1112",2025-08-06,"CUST-122","Abigail Clark","Denim Jeans","Clothing",3,4900,14700,7272.59,"Boston","Massachusetts","East",2025,8,"Q3","Aug",0.4947,FALSE
"EC-1113",2024-10-11,"CUST-127","Jackson Hall","Modern Sofa","Furniture",1,74500,74500,11664.62,"Philadelphia","Pennsylvania","East",2024,10,"Q4","Oct",0.1566,FALSE
"EC-1114",2025-05-27,"CUST-108","Sophia Martinez","LED Desk Lamp","Furniture",2,4000,8000,796.84,"Chicago","Illinois","Central",2025,5,"Q2","May",0.0996,FALSE
"EC-1115",2024-05-20,"CUST-119","Matthew White","iPad Air","Electronics",2,49000,98000,20523.45,"Dallas","Texas","Central",2024,5,"Q2","May",0.2094,FALSE
"EC-1116",2025-12-18,"CUST-107","James Garcia","Sony WH-1000XM5","Electronics",2,33000,66000,11018.57,"Los Angeles","California","West",2025,12,"Q4","Dec",0.1669,FALSE
"EC-1117",2024-11-06,"CUST-126","Avery Walker","iPhone 15 Pro","Electronics",1,82900,82900,18648.41,"Seattle","Washington","West",2024,11,"Q4","Nov",0.225,FALSE
"EC-1118",2025-04-18,"CUST-116","Amelia Martin","Running Shoes","Clothing",1,9900,9900,2633.01,"San Francisco","California","West",2025,4,"Q2","Apr",0.266,FALSE
"EC-1119",2026-03-21,"CUST-108","Sophia Martinez","Heavy Duty Stapler","Office Supplies",2,1800,3600,1648.38,"Houston","Texas","Central",2026,3,"Q1","Mar",0.4579,FALSE
"EC-1120",2025-07-07,"CUST-123","David Rodriguez","Heavy Duty Stapler","Office Supplies",4,1800,7200,3457.24,"Dallas","Texas","Central",2025,7,"Q3","Jul",0.4802,FALSE
"EC-1121",2024-02-11,"CUST-121","Logan Martin","Dry Erase Whiteboard","Office Supplies",2,3700,7400,3039.34,"Seattle","Washington","West",2024,2,"Q1","Feb",0.4107,FALSE
"EC-1122",2026-01-29,"CUST-116","Amelia Martin","iPhone 15 Pro","Electronics",1,82900,82900,10669.38,"Nashville","Tennessee","South",2026,1,"Q1","Jan",0.1287,FALSE
"EC-1123",2026-05-14,"CUST-131","Jack King","Sony WH-1000XM5","Electronics",5,33000,165000,36808.4,"New York","New York","East",2026,5,"Q2","May",0.2231,TRUE
"EC-1124",2024-09-07,"CUST-129","Sebastian Young","Running Shoes","Clothing",2,9900,19800,6449.39,"Atlanta","Georgia","South",2024,9,"Q3","Sep",0.3257,FALSE
"EC-1125",2025-03-16,"CUST-143","Wyatt Perez","Premium Notebook Pack","Office Supplies",2,1200,2400,1167.77,"Philadelphia","Pennsylvania","East",2025,3,"Q1","Mar",0.4866,FALSE
"EC-1126",2025-10-30,"CUST-127","Jackson Hall","Gel Pen Set (12-pack)","Office Supplies",2,900,1800,834.69,"Seattle","Washington","West",2025,10,"Q4","Oct",0.4637,FALSE
"EC-1127",2024-01-25,"CUST-110","Isabella Wilson","Denim Jeans","Clothing",3,4900,14700,7473.01,"Nashville","Tennessee","South",2024,1,"Q1","Jan",0.5084,FALSE
"EC-1128",2026-06-01,"CUST-120","Evelyn Harris","Heavy Duty Stapler","Office Supplies",2,1800,3600,2220.39,"Boston","Massachusetts","East",2026,6,"Q2","Jun",0.6168,FALSE
"EC-1129",2025-12-03,"CUST-118","Harper Thompson","Ergonomic Office Chair","Furniture",4,20500,82000,11423.92,"Seattle","Washington","West",2025,12,"Q4","Dec",0.1393,FALSE
"EC-1130",2025-06-27,"CUST-116","Amelia Martin","Solid Oak Dining Table","Furniture",3,66000,198000,34835.08,"Philadelphia","Pennsylvania","East",2025,6,"Q2","Jun",0.1759,TRUE
"EC-1131",2026-04-28,"CUST-108","Sophia Martinez","iPhone 15 Pro","Electronics",3,82900,248700,64017.91,"Atlanta","Georgia","South",2026,4,"Q2","Apr",0.2574,TRUE
"EC-1132",2024-08-25,"CUST-121","Logan Martin","Running Shoes","Clothing",3,9900,29700,12599.8,"Nashville","Tennessee","South",2024,8,"Q3","Aug",0.4242,FALSE
"EC-1133",2025-06-09,"CUST-137","Gabriel Adams","Dry Erase Whiteboard","Office Supplies",2,3700,7400,3212.92,"New York","New York","East",2025,6,"Q2","Jun",0.4342,FALSE
"EC-1134",2025-09-14,"CUST-123","David Rodriguez","Sony WH-1000XM5","Electronics",3,33000,99000,21318.04,"Atlanta","Georgia","South",2025,9,"Q3","Sep",0.2153,FALSE
"EC-1135",2024-09-18,"CUST-150","Zoe Edwards","Dry Erase Whiteboard","Office Supplies",1,3700,3700,1368.31,"Boston","Massachusetts","East",2024,9,"Q3","Sep",0.3698,FALSE
"EC-1136",2025-05-18,"CUST-147","Daniel Campbell","Modern Sofa","Furniture",1,74500,74500,-1854.37,"Chicago","Illinois","Central",2025,5,"Q2","May",-0.0249,FALSE
"EC-1137",2024-10-25,"CUST-102","Jane Smith","Ergonomic Office Chair","Furniture",2,20500,41000,5346.47,"Houston","Texas","Central",2024,10,"Q4","Oct",0.1304,FALSE
"EC-1138",2025-03-21,"CUST-133","Luke Lopez","Heavy Duty Stapler","Office Supplies",1,1800,1800,1022.27,"Miami","Florida","South",2025,3,"Q1","Mar",0.5679,FALSE
"EC-1139",2025-12-20,"CUST-128","Sofia Allen","Dell XPS 15","Electronics",2,124000,248000,35126.84,"Atlanta","Georgia","South",2025,12,"Q4","Dec",0.1416,TRUE
"EC-1140",2025-01-03,"CUST-131","Jack King","Modern Sofa","Furniture",1,74500,74500,-8742.02,"Atlanta","Georgia","South",2025,1,"Q1","Jan",-0.1173,FALSE
"EC-1141",2025-05-26,"CUST-128","Sofia Allen","Gel Pen Set (12-pack)","Office Supplies",2,900,1800,743.57,"Philadelphia","Pennsylvania","East",2025,5,"Q2","May",0.4131,FALSE
"EC-1142",2026-01-27,"CUST-142","Penelope Mitchell","Heavy Duty Stapler","Office Supplies",2,1800,3600,1650.54,"Nashville","Tennessee","South",2026,1,"Q1","Jan",0.4585,FALSE
"EC-1143",2025-01-03,"CUST-109","Benjamin Miller","Cotton Slim Fit T-Shirt","Clothing",1,2000,2000,776.61,"Dallas","Texas","Central",2025,1,"Q1","Jan",0.3883,FALSE
"EC-1144",2026-01-23,"CUST-133","Luke Lopez","Premium Notebook Pack","Office Supplies",2,1200,2400,1481.41,"Miami","Florida","South",2026,1,"Q1","Jan",0.6173,FALSE
"EC-1145",2026-03-09,"CUST-117","Daniel Lee","Heavy Duty Stapler","Office Supplies",3,1800,5400,3399.57,"San Francisco","California","West",2026,3,"Q1","Mar",0.6296,FALSE
"EC-1146",2026-05-11,"CUST-145","Matthew Turner","Running Shoes","Clothing",1,9900,9900,3889.65,"Los Angeles","California","West",2026,5,"Q2","May",0.3929,FALSE
"EC-1147",2024-08-11,"CUST-106","Olivia Jones","LED Desk Lamp","Furniture",1,4000,4000,855.29,"Philadelphia","Pennsylvania","East",2024,8,"Q3","Aug",0.2138,FALSE
"EC-1148",2026-02-12,"CUST-112","Mia Thomas","Dell XPS 15","Electronics",1,124000,124000,16688.77,"Dallas","Texas","Central",2026,2,"Q1","Feb",0.1346,FALSE
"EC-1149",2024-08-01,"CUST-119","Matthew White","Modern Sofa","Furniture",2,74500,149000,-3725.38,"Boston","Massachusetts","East",2024,8,"Q3","Aug",-0.025,FALSE
"EC-1150",2024-10-20,"CUST-133","Luke Lopez","Denim Jeans","Clothing",1,4900,4900,1960.54,"Nashville","Tennessee","South",2024,10,"Q4","Oct",0.4001,FALSE
"EC-1151",2025-08-29,"CUST-111","Lucas Anderson","Modern Sofa","Furniture",1,74500,74500,16856.36,"San Francisco","California","West",2025,8,"Q3","Aug",0.2263,FALSE
"EC-1152",2025-06-01,"CUST-128","Sofia Allen","iPad Air","Electronics",5,49000,245000,64115.17,"Miami","Florida","South",2025,6,"Q2","Jun",0.2617,TRUE
"EC-1153",2026-05-01,"CUST-127","Jackson Hall","Waterproof Leather Jacket","Clothing",4,14900,59600,32643.2,"Philadelphia","Pennsylvania","East",2026,5,"Q2","May",0.5477,FALSE
"EC-1154",2026-02-02,"CUST-116","Amelia Martin","LED Desk Lamp","Furniture",3,4000,12000,2789.02,"Seattle","Washington","West",2026,2,"Q1","Feb",0.2324,FALSE
"EC-1155",2026-02-21,"CUST-114","Charlotte Moore","Denim Jeans","Clothing",4,4900,19600,7344.44,"Philadelphia","Pennsylvania","East",2026,2,"Q1","Feb",0.3747,FALSE
"EC-1156",2025-06-29,"CUST-123","David Rodriguez","Waterproof Leather Jacket","Clothing",2,14900,29800,9077.73,"Dallas","Texas","Central",2025,6,"Q2","Jun",0.3046,FALSE
"EC-1157",2025-03-01,"CUST-137","Gabriel Adams","Sony WH-1000XM5","Electronics",2,33000,66000,16757.28,"New York","New York","East",2025,3,"Q1","Mar",0.2539,FALSE
"EC-1158",2025-04-15,"CUST-140","Camila Nelson","Dry Erase Whiteboard","Office Supplies",1,3700,3700,1627.15,"Nashville","Tennessee","South",2025,4,"Q2","Apr",0.4398,FALSE
"EC-1159",2024-07-06,"CUST-119","Matthew White","iPad Air","Electronics",1,49000,49000,11752.98,"Chicago","Illinois","Central",2024,7,"Q3","Jul",0.2399,FALSE
"EC-1160",2024-09-10,"CUST-148","Nora Parker","Premium Notebook Pack","Office Supplies",1,1200,1200,741.3,"Miami","Florida","South",2024,9,"Q3","Sep",0.6177,FALSE
"EC-1161",2024-09-24,"CUST-144","Layla Roberts","Heavy Duty Stapler","Office Supplies",1,1800,1800,1101.46,"Chicago","Illinois","Central",2024,9,"Q3","Sep",0.6119,FALSE
"EC-1162",2025-10-01,"CUST-147","Daniel Campbell","Heavy Duty Stapler","Office Supplies",3,1800,5400,2528.91,"Los Angeles","California","West",2025,10,"Q4","Oct",0.4683,FALSE
"EC-1163",2025-02-13,"CUST-107","James Garcia","Dell XPS 15","Electronics",2,124000,248000,32331.37,"Boston","Massachusetts","East",2025,2,"Q1","Feb",0.1304,TRUE
"EC-1164",2024-02-10,"CUST-133","Luke Lopez","Denim Jeans","Clothing",3,4900,14700,6407.11,"San Francisco","California","West",2024,2,"Q1","Feb",0.4359,FALSE
"EC-1165",2024-07-11,"CUST-124","Elizabeth Lewis","Heavy Duty Stapler","Office Supplies",3,1800,5400,2401.25,"Seattle","Washington","West",2024,7,"Q3","Jul",0.4447,FALSE
"EC-1166",2025-07-31,"CUST-115","Ethan Jackson","Premium Notebook Pack","Office Supplies",2,1200,2400,1330.27,"San Francisco","California","West",2025,7,"Q3","Jul",0.5543,FALSE
"EC-1167",2026-04-03,"CUST-108","Sophia Martinez","Gel Pen Set (12-pack)","Office Supplies",2,900,1800,836.4,"Seattle","Washington","West",2026,4,"Q2","Apr",0.4647,FALSE
"EC-1168",2025-10-25,"CUST-106","Olivia Jones","Heavy Duty Stapler","Office Supplies",4,1800,7200,4465.75,"Boston","Massachusetts","East",2025,10,"Q4","Oct",0.6202,FALSE
"EC-1169",2024-04-07,"CUST-143","Wyatt Perez","Waterproof Leather Jacket","Clothing",3,14900,44700,23151.1,"Atlanta","Georgia","South",2024,4,"Q2","Apr",0.5179,FALSE
"EC-1170",2025-06-20,"CUST-134","Grace Hill","Premium Notebook Pack","Office Supplies",1,1200,1200,715.35,"Chicago","Illinois","Central",2025,6,"Q2","Jun",0.5961,FALSE
"EC-1171",2024-12-13,"CUST-133","Luke Lopez","Waterproof Leather Jacket","Clothing",5,14900,74500,34825.56,"Seattle","Washington","West",2024,12,"Q4","Dec",0.4675,FALSE
"EC-1172",2024-04-16,"CUST-130","Ella Hernandez","iPad Air","Electronics",1,49000,49000,11330.84,"Atlanta","Georgia","South",2024,4,"Q2","Apr",0.2312,FALSE
"EC-1173",2024-11-12,"CUST-137","Gabriel Adams","Premium Notebook Pack","Office Supplies",1,1200,1200,481.28,"Seattle","Washington","West",2024,11,"Q4","Nov",0.4011,FALSE
"EC-1174",2024-01-14,"CUST-137","Gabriel Adams","LED Desk Lamp","Furniture",2,4000,8000,-884.25,"Los Angeles","California","West",2024,1,"Q1","Jan",-0.1105,FALSE
"EC-1175",2024-06-10,"CUST-143","Wyatt Perez","Ergonomic Office Chair","Furniture",3,20500,61500,-72.59,"Dallas","Texas","Central",2024,6,"Q2","Jun",-0.0012,FALSE
"EC-1176",2025-09-27,"CUST-127","Jackson Hall","Solid Oak Dining Table","Furniture",2,66000,132000,4931.42,"San Francisco","California","West",2025,9,"Q3","Sep",0.0374,FALSE
"EC-1177",2025-12-06,"CUST-127","Jackson Hall","Solid Oak Dining Table","Furniture",5,66000,330000,75833.59,"New York","New York","East",2025,12,"Q4","Dec",0.2298,TRUE
"EC-1178",2025-08-29,"CUST-149","Julian Evans","Cotton Slim Fit T-Shirt","Clothing",1,2000,2000,962.19,"Los Angeles","California","West",2025,8,"Q3","Aug",0.4811,FALSE
"EC-1179",2025-06-27,"CUST-117","Daniel Lee","Solid Oak Dining Table","Furniture",1,66000,66000,-1825.33,"Houston","Texas","Central",2025,6,"Q2","Jun",-0.0277,FALSE
"EC-1180",2025-11-27,"CUST-117","Daniel Lee","Modern Sofa","Furniture",4,74500,298000,62479.46,"Philadelphia","Pennsylvania","East",2025,11,"Q4","Nov",0.2097,TRUE
"EC-1181",2026-03-06,"CUST-126","Avery Walker","iPad Air","Electronics",4,49000,196000,49793.92,"Dallas","Texas","Central",2026,3,"Q1","Mar",0.2541,TRUE
"EC-1182",2025-09-21,"CUST-130","Ella Hernandez","Waterproof Leather Jacket","Clothing",1,14900,14900,7064.17,"Atlanta","Georgia","South",2025,9,"Q3","Sep",0.4741,FALSE
"EC-1183",2024-02-06,"CUST-127","Jackson Hall","Ergonomic Office Chair","Furniture",1,20500,20500,4841.67,"Los Angeles","California","West",2024,2,"Q1","Feb",0.2362,FALSE
"EC-1184",2024-05-17,"CUST-119","Matthew White","Dry Erase Whiteboard","Office Supplies",1,3700,3700,1365.95,"Chicago","Illinois","Central",2024,5,"Q2","May",0.3692,FALSE
"EC-1185",2025-01-03,"CUST-113","Alexander Taylor","iPhone 15 Pro","Electronics",3,82900,248700,66398.28,"Atlanta","Georgia","South",2025,1,"Q1","Jan",0.267,TRUE
"EC-1186",2026-02-11,"CUST-118","Harper Thompson","Waterproof Leather Jacket","Clothing",4,14900,59600,24737.98,"Dallas","Texas","Central",2026,2,"Q1","Feb",0.4151,FALSE
"EC-1187",2025-06-30,"CUST-110","Isabella Wilson","Sony WH-1000XM5","Electronics",2,33000,66000,16385.27,"Chicago","Illinois","Central",2025,6,"Q2","Jun",0.2483,FALSE
"EC-1188",2024-03-18,"CUST-103","Michael Johnson","Waterproof Leather Jacket","Clothing",3,14900,44700,12904.18,"San Francisco","California","West",2024,3,"Q1","Mar",0.2887,FALSE
"EC-1189",2025-06-09,"CUST-149","Julian Evans","Dry Erase Whiteboard","Office Supplies",1,3700,3700,1455.14,"Dallas","Texas","Central",2025,6,"Q2","Jun",0.3933,FALSE
"EC-1190",2025-10-29,"CUST-128","Sofia Allen","Premium Notebook Pack","Office Supplies",1,1200,1200,533.95,"Philadelphia","Pennsylvania","East",2025,10,"Q4","Oct",0.445,FALSE
"EC-1191",2026-06-08,"CUST-121","Logan Martin","Dry Erase Whiteboard","Office Supplies",1,3700,3700,2055.61,"Boston","Massachusetts","East",2026,6,"Q2","Jun",0.5556,FALSE
"EC-1192",2024-04-06,"CUST-110","Isabella Wilson","Dell XPS 15","Electronics",3,124000,372000,56276.08,"New York","New York","East",2024,4,"Q2","Apr",0.1513,TRUE
"EC-1193",2026-01-10,"CUST-133","Luke Lopez","Cotton Slim Fit T-Shirt","Clothing",5,2000,10000,5184.66,"San Francisco","California","West",2026,1,"Q1","Jan",0.5185,FALSE
"EC-1194",2025-04-27,"CUST-111","Lucas Anderson","iPad Air","Electronics",2,49000,98000,33311.17,"Seattle","Washington","West",2025,4,"Q2","Apr",0.3399,FALSE
"EC-1195",2024-06-30,"CUST-113","Alexander Taylor","Running Shoes","Clothing",2,9900,19800,8338.59,"Philadelphia","Pennsylvania","East",2024,6,"Q2","Jun",0.4211,FALSE
"EC-1196",2025-04-18,"CUST-146","Lillian Phillips","Premium Notebook Pack","Office Supplies",1,1200,1200,573.71,"Philadelphia","Pennsylvania","East",2025,4,"Q2","Apr",0.4781,FALSE
"EC-1197",2024-05-06,"CUST-145","Matthew Turner","Ergonomic Office Chair","Furniture",1,20500,20500,249.64,"Miami","Florida","South",2024,5,"Q2","May",0.0122,FALSE
"EC-1198",2026-03-09,"CUST-107","James Garcia","LED Desk Lamp","Furniture",2,4000,8000,1899.71,"Atlanta","Georgia","South",2026,3,"Q1","Mar",0.2375,FALSE
"EC-1199",2025-05-07,"CUST-140","Camila Nelson","Dell XPS 15","Electronics",5,124000,620000,111066.63,"Dallas","Texas","Central",2025,5,"Q2","May",0.1791,TRUE
"EC-1200",2025-07-08,"CUST-136","Victoria Green","Denim Jeans","Clothing",3,4900,14700,3854.71,"Dallas","Texas","Central",2025,7,"Q3","Jul",0.2622,FALSE
"EC-1201",2025-11-22,"CUST-114","Charlotte Moore","Denim Jeans","Clothing",4,4900,19600,7442.03,"San Francisco","California","West",2025,11,"Q4","Nov",0.3797,FALSE
"EC-1202",2025-05-20,"CUST-105","William Brown","Solid Oak Dining Table","Furniture",1,66000,66000,3083.93,"Philadelphia","Pennsylvania","East",2025,5,"Q2","May",0.0467,FALSE
"EC-1203",2024-12-02,"CUST-120","Evelyn Harris","Gel Pen Set (12-pack)","Office Supplies",2,900,1800,1090.54,"Houston","Texas","Central",2024,12,"Q4","Dec",0.6059,FALSE
"EC-1204",2025-06-22,"CUST-123","David Rodriguez","Dry Erase Whiteboard","Office Supplies",2,3700,7400,4336.63,"Chicago","Illinois","Central",2025,6,"Q2","Jun",0.586,FALSE
"EC-1205",2025-06-25,"CUST-146","Lillian Phillips","Denim Jeans","Clothing",3,4900,14700,6113.53,"Miami","Florida","South",2025,6,"Q2","Jun",0.4159,FALSE
"EC-1206",2024-06-28,"CUST-119","Matthew White","Heavy Duty Stapler","Office Supplies",1,1800,1800,790.53,"Chicago","Illinois","Central",2024,6,"Q2","Jun",0.4392,FALSE
"EC-1207",2026-05-17,"CUST-147","Daniel Campbell","Waterproof Leather Jacket","Clothing",2,14900,29800,15529.25,"New York","New York","East",2026,5,"Q2","May",0.5211,FALSE
"EC-1208",2024-07-30,"CUST-148","Nora Parker","Denim Jeans","Clothing",3,4900,14700,7981.24,"Philadelphia","Pennsylvania","East",2024,7,"Q3","Jul",0.5429,FALSE
"EC-1209",2025-08-09,"CUST-103","Michael Johnson","Sony WH-1000XM5","Electronics",1,33000,33000,10199.61,"Boston","Massachusetts","East",2025,8,"Q3","Aug",0.3091,FALSE
"EC-1210",2024-07-19,"CUST-102","Jane Smith","LED Desk Lamp","Furniture",1,4000,4000,-188.38,"Atlanta","Georgia","South",2024,7,"Q3","Jul",-0.0471,FALSE
"EC-1211",2025-02-04,"CUST-138","Chloe Baker","Dry Erase Whiteboard","Office Supplies",1,3700,3700,1668.59,"Dallas","Texas","Central",2025,2,"Q1","Feb",0.451,FALSE
"EC-1212",2024-03-02,"CUST-139","Carter Gonzalez","Running Shoes","Clothing",1,9900,9900,2521.05,"Dallas","Texas","Central",2024,3,"Q1","Mar",0.2547,FALSE
"EC-1213",2024-09-25,"CUST-110","Isabella Wilson","Modern Sofa","Furniture",2,74500,149000,-6463.58,"San Francisco","California","West",2024,9,"Q3","Sep",-0.0434,FALSE
"EC-1214",2025-01-16,"CUST-145","Matthew Turner","Sony WH-1000XM5","Electronics",1,33000,33000,7476.74,"New York","New York","East",2025,1,"Q1","Jan",0.2266,FALSE
"EC-1215",2024-05-03,"CUST-142","Penelope Mitchell","Solid Oak Dining Table","Furniture",1,66000,66000,5976.1,"New York","New York","East",2024,5,"Q2","May",0.0905,FALSE
"EC-1216",2024-03-03,"CUST-142","Penelope Mitchell","LED Desk Lamp","Furniture",3,4000,12000,-141.43,"Boston","Massachusetts","East",2024,3,"Q1","Mar",-0.0118,FALSE
"EC-1217",2025-07-14,"CUST-128","Sofia Allen","Premium Notebook Pack","Office Supplies",2,1200,2400,1320.67,"Chicago","Illinois","Central",2025,7,"Q3","Jul",0.5503,FALSE
"EC-1218",2025-07-26,"CUST-135","Owen Scott","Cotton Slim Fit T-Shirt","Clothing",2,2000,4000,1533.99,"San Francisco","California","West",2025,7,"Q3","Jul",0.3835,FALSE
"EC-1219",2025-09-19,"CUST-124","Elizabeth Lewis","Modern Sofa","Furniture",5,74500,372500,-36697.66,"Houston","Texas","Central",2025,9,"Q3","Sep",-0.0985,TRUE
"EC-1220",2026-02-07,"CUST-149","Julian Evans","Waterproof Leather Jacket","Clothing",2,14900,29800,9277.95,"Houston","Texas","Central",2026,2,"Q1","Feb",0.3113,FALSE
"EC-1221",2025-06-23,"CUST-150","Zoe Edwards","Sony WH-1000XM5","Electronics",1,33000,33000,5410.23,"Dallas","Texas","Central",2025,6,"Q2","Jun",0.1639,FALSE
"EC-1222",2024-01-02,"CUST-117","Daniel Lee","Sony WH-1000XM5","Electronics",3,33000,99000,17491.97,"Los Angeles","California","West",2024,1,"Q1","Jan",0.1767,FALSE
"EC-1223",2025-11-01,"CUST-110","Isabella Wilson","Sony WH-1000XM5","Electronics",2,33000,66000,15970.03,"Chicago","Illinois","Central",2025,11,"Q4","Nov",0.242,FALSE
"EC-1224",2025-10-09,"CUST-142","Penelope Mitchell","Modern Sofa","Furniture",2,74500,149000,-9597.26,"Atlanta","Georgia","South",2025,10,"Q4","Oct",-0.0644,FALSE
"EC-1225",2024-05-06,"CUST-140","Camila Nelson","iPhone 15 Pro","Electronics",3,82900,248700,31322.59,"New York","New York","East",2024,5,"Q2","May",0.1259,TRUE
"EC-1226",2024-07-26,"CUST-125","Joseph Lee","iPad Air","Electronics",2,49000,98000,19468.74,"Atlanta","Georgia","South",2024,7,"Q3","Jul",0.1987,FALSE
"EC-1227",2026-02-09,"CUST-123","David Rodriguez","Dell XPS 15","Electronics",1,124000,124000,26120.74,"Los Angeles","California","West",2026,2,"Q1","Feb",0.2107,FALSE
"EC-1228",2026-01-10,"CUST-113","Alexander Taylor","Sony WH-1000XM5","Electronics",2,33000,66000,9822.75,"Miami","Florida","South",2026,1,"Q1","Jan",0.1488,FALSE
"EC-1229",2024-09-25,"CUST-140","Camila Nelson","Dell XPS 15","Electronics",5,124000,620000,191961.71,"Philadelphia","Pennsylvania","East",2024,9,"Q3","Sep",0.3096,TRUE
"EC-1230",2024-01-12,"CUST-127","Jackson Hall","Dry Erase Whiteboard","Office Supplies",3,3700,11100,6774.57,"New York","New York","East",2024,1,"Q1","Jan",0.6103,FALSE
"EC-1231",2025-12-05,"CUST-137","Gabriel Adams","Dry Erase Whiteboard","Office Supplies",1,3700,3700,1499.21,"Seattle","Washington","West",2025,12,"Q4","Dec",0.4052,FALSE
"EC-1232",2025-10-31,"CUST-117","Daniel Lee","Premium Notebook Pack","Office Supplies",2,1200,2400,976.5,"Atlanta","Georgia","South",2025,10,"Q4","Oct",0.4069,FALSE
"EC-1233",2025-07-16,"CUST-125","Joseph Lee","Waterproof Leather Jacket","Clothing",1,14900,14900,5030.94,"Miami","Florida","South",2025,7,"Q3","Jul",0.3376,FALSE
"EC-1234",2025-03-19,"CUST-109","Benjamin Miller","Modern Sofa","Furniture",2,74500,149000,31266.66,"Miami","Florida","South",2025,3,"Q1","Mar",0.2098,FALSE
"EC-1235",2026-05-12,"CUST-140","Camila Nelson","iPhone 15 Pro","Electronics",1,82900,82900,27135.8,"San Francisco","California","West",2026,5,"Q2","May",0.3273,FALSE
"EC-1236",2025-11-07,"CUST-128","Sofia Allen","Sony WH-1000XM5","Electronics",3,33000,99000,13540.72,"Houston","Texas","Central",2025,11,"Q4","Nov",0.1368,FALSE
"EC-1237",2025-07-12,"CUST-119","Matthew White","Running Shoes","Clothing",1,9900,9900,3481.94,"Dallas","Texas","Central",2025,7,"Q3","Jul",0.3517,FALSE
"EC-1238",2026-04-03,"CUST-113","Alexander Taylor","iPad Air","Electronics",3,49000,147000,44693.75,"Boston","Massachusetts","East",2026,4,"Q2","Apr",0.304,TRUE
"EC-1239",2024-07-16,"CUST-133","Luke Lopez","iPad Air","Electronics",1,49000,49000,8498.85,"San Francisco","California","West",2024,7,"Q3","Jul",0.1734,FALSE
"EC-1240",2024-01-10,"CUST-112","Mia Thomas","Premium Notebook Pack","Office Supplies",4,1200,4800,2073.38,"Los Angeles","California","West",2024,1,"Q1","Jan",0.432,FALSE
"EC-1241",2024-09-11,"CUST-101","John Doe","Premium Notebook Pack","Office Supplies",1,1200,1200,459.28,"Boston","Massachusetts","East",2024,9,"Q3","Sep",0.3827,FALSE
"EC-1242",2024-07-19,"CUST-138","Chloe Baker","Ergonomic Office Chair","Furniture",1,20500,20500,1454.12,"New York","New York","East",2024,7,"Q3","Jul",0.0709,FALSE
"EC-1243",2026-01-14,"CUST-119","Matthew White","iPad Air","Electronics",1,49000,49000,14268.71,"Nashville","Tennessee","South",2026,1,"Q1","Jan",0.2912,FALSE
"EC-1244",2025-05-29,"CUST-145","Matthew Turner","Solid Oak Dining Table","Furniture",2,66000,132000,21262.5,"Los Angeles","California","West",2025,5,"Q2","May",0.1611,FALSE
"EC-1245",2026-04-29,"CUST-119","Matthew White","Gel Pen Set (12-pack)","Office Supplies",5,900,4500,2064.46,"Chicago","Illinois","Central",2026,4,"Q2","Apr",0.4588,FALSE
"EC-1246",2024-06-29,"CUST-137","Gabriel Adams","Gel Pen Set (12-pack)","Office Supplies",2,900,1800,726.95,"New York","New York","East",2024,6,"Q2","Jun",0.4039,FALSE
"EC-1247",2026-01-20,"CUST-123","David Rodriguez","Modern Sofa","Furniture",2,74500,149000,14364.9,"San Francisco","California","West",2026,1,"Q1","Jan",0.0964,FALSE
"EC-1248",2024-10-10,"CUST-127","Jackson Hall","Dell XPS 15","Electronics",1,124000,124000,31815.88,"Houston","Texas","Central",2024,10,"Q4","Oct",0.2566,FALSE
"EC-1249",2026-02-02,"CUST-131","Jack King","LED Desk Lamp","Furniture",4,4000,16000,-15.24,"Miami","Florida","South",2026,2,"Q1","Feb",-0.001,FALSE
"EC-1250",2025-04-07,"CUST-122","Abigail Clark","Gel Pen Set (12-pack)","Office Supplies",1,900,900,445.19,"Houston","Texas","Central",2025,4,"Q2","Apr",0.4947,FALSE
"EC-1251",2025-08-27,"CUST-113","Alexander Taylor","Dry Erase Whiteboard","Office Supplies",1,3700,3700,1864.7,"Los Angeles","California","West",2025,8,"Q3","Aug",0.504,FALSE
"EC-1252",2024-11-08,"CUST-114","Charlotte Moore","iPad Air","Electronics",2,49000,98000,14727.75,"Atlanta","Georgia","South",2024,11,"Q4","Nov",0.1503,FALSE
"EC-1253",2024-03-24,"CUST-146","Lillian Phillips","iPhone 15 Pro","Electronics",1,82900,82900,23530.48,"New York","New York","East",2024,3,"Q1","Mar",0.2838,FALSE
"EC-1254",2025-04-08,"CUST-144","Layla Roberts","Gel Pen Set (12-pack)","Office Supplies",1,900,900,508.84,"New York","New York","East",2025,4,"Q2","Apr",0.5654,FALSE
"EC-1255",2026-06-04,"CUST-120","Evelyn Harris","Premium Notebook Pack","Office Supplies",1,1200,1200,456.75,"Houston","Texas","Central",2026,6,"Q2","Jun",0.3806,FALSE
"EC-1256",2024-08-12,"CUST-108","Sophia Martinez","Running Shoes","Clothing",1,9900,9900,2506.7,"Miami","Florida","South",2024,8,"Q3","Aug",0.2532,FALSE
"EC-1257",2025-07-26,"CUST-143","Wyatt Perez","Sony WH-1000XM5","Electronics",5,33000,165000,22550,"Nashville","Tennessee","South",2025,7,"Q3","Jul",0.1367,FALSE
"EC-1258",2024-04-11,"CUST-114","Charlotte Moore","Heavy Duty Stapler","Office Supplies",2,1800,3600,2273.8,"Chicago","Illinois","Central",2024,4,"Q2","Apr",0.6316,FALSE
"EC-1259",2024-06-19,"CUST-102","Jane Smith","Cotton Slim Fit T-Shirt","Clothing",1,2000,2000,701.26,"Nashville","Tennessee","South",2024,6,"Q2","Jun",0.3506,FALSE
"EC-1260",2025-05-03,"CUST-114","Charlotte Moore","Ergonomic Office Chair","Furniture",4,20500,82000,16702.23,"Atlanta","Georgia","South",2025,5,"Q2","May",0.2037,FALSE
"EC-1261",2025-10-23,"CUST-130","Ella Hernandez","Modern Sofa","Furniture",3,74500,223500,10443.31,"Philadelphia","Pennsylvania","East",2025,10,"Q4","Oct",0.0467,TRUE
"EC-1262",2025-11-24,"CUST-110","Isabella Wilson","Premium Notebook Pack","Office Supplies",5,1200,6000,2856.15,"Chicago","Illinois","Central",2025,11,"Q4","Nov",0.476,FALSE
"EC-1263",2026-04-01,"CUST-102","Jane Smith","Running Shoes","Clothing",3,9900,29700,15149.15,"Houston","Texas","Central",2026,4,"Q2","Apr",0.5101,FALSE
"EC-1264",2025-07-20,"CUST-142","Penelope Mitchell","Cotton Slim Fit T-Shirt","Clothing",3,2000,6000,2098.99,"Seattle","Washington","West",2025,7,"Q3","Jul",0.3498,FALSE
"EC-1265",2025-07-19,"CUST-132","Scarlett Wright","Running Shoes","Clothing",2,9900,19800,7877.41,"Dallas","Texas","Central",2025,7,"Q3","Jul",0.3978,FALSE
"EC-1266",2026-04-05,"CUST-103","Michael Johnson","Ergonomic Office Chair","Furniture",5,20500,102500,10688.09,"Nashville","Tennessee","South",2026,4,"Q2","Apr",0.1043,FALSE
"EC-1267",2025-11-15,"CUST-134","Grace Hill","Running Shoes","Clothing",1,9900,9900,2635.4,"Atlanta","Georgia","South",2025,11,"Q4","Nov",0.2662,FALSE
"EC-1268",2025-02-24,"CUST-128","Sofia Allen","Denim Jeans","Clothing",4,4900,19600,6744.58,"Nashville","Tennessee","South",2025,2,"Q1","Feb",0.3441,FALSE
"EC-1269",2025-07-08,"CUST-128","Sofia Allen","Solid Oak Dining Table","Furniture",3,66000,198000,-23541.4,"San Francisco","California","West",2025,7,"Q3","Jul",-0.1189,TRUE
"EC-1270",2024-07-25,"CUST-130","Ella Hernandez","iPad Air","Electronics",2,49000,98000,21284.88,"Los Angeles","California","West",2024,7,"Q3","Jul",0.2172,FALSE
"EC-1271",2024-03-25,"CUST-110","Isabella Wilson","Denim Jeans","Clothing",3,4900,14700,5342.58,"Atlanta","Georgia","South",2024,3,"Q1","Mar",0.3634,FALSE
"EC-1272",2024-06-01,"CUST-125","Joseph Lee","Dell XPS 15","Electronics",2,124000,248000,63463.53,"Nashville","Tennessee","South",2024,6,"Q2","Jun",0.2559,TRUE
"EC-1273",2026-05-19,"CUST-147","Daniel Campbell","Solid Oak Dining Table","Furniture",1,66000,66000,16061.85,"Philadelphia","Pennsylvania","East",2026,5,"Q2","May",0.2434,FALSE
"EC-1274",2024-08-27,"CUST-119","Matthew White","iPad Air","Electronics",5,49000,245000,55450.32,"Philadelphia","Pennsylvania","East",2024,8,"Q3","Aug",0.2263,TRUE
"EC-1275",2024-02-18,"CUST-112","Mia Thomas","Dry Erase Whiteboard","Office Supplies",2,3700,7400,3680.73,"Atlanta","Georgia","South",2024,2,"Q1","Feb",0.4974,FALSE
"EC-1276",2024-05-18,"CUST-118","Harper Thompson","iPhone 15 Pro","Electronics",1,82900,82900,28183.4,"Chicago","Illinois","Central",2024,5,"Q2","May",0.34,FALSE
"EC-1277",2024-06-04,"CUST-131","Jack King","Dell XPS 15","Electronics",1,124000,124000,20580.82,"Chicago","Illinois","Central",2024,6,"Q2","Jun",0.166,FALSE
"EC-1278",2024-09-30,"CUST-118","Harper Thompson","LED Desk Lamp","Furniture",2,4000,8000,-20.7,"Houston","Texas","Central",2024,9,"Q3","Sep",-0.0026,FALSE
"EC-1279",2025-07-20,"CUST-143","Wyatt Perez","Dell XPS 15","Electronics",2,124000,248000,55021.71,"Dallas","Texas","Central",2025,7,"Q3","Jul",0.2219,TRUE
"EC-1280",2024-08-13,"CUST-109","Benjamin Miller","Sony WH-1000XM5","Electronics",2,33000,66000,10814.8,"New York","New York","East",2024,8,"Q3","Aug",0.1639,FALSE
"EC-1281",2026-01-31,"CUST-108","Sophia Martinez","Ergonomic Office Chair","Furniture",1,20500,20500,-1454.64,"Miami","Florida","South",2026,1,"Q1","Jan",-0.071,FALSE
"EC-1282",2024-06-18,"CUST-141","Henry Carter","Running Shoes","Clothing",1,9900,9900,2857.24,"Philadelphia","Pennsylvania","East",2024,6,"Q2","Jun",0.2886,FALSE
"EC-1283",2024-10-18,"CUST-108","Sophia Martinez","Cotton Slim Fit T-Shirt","Clothing",1,2000,2000,972.67,"Philadelphia","Pennsylvania","East",2024,10,"Q4","Oct",0.4863,FALSE
"EC-1284",2024-05-27,"CUST-135","Owen Scott","Gel Pen Set (12-pack)","Office Supplies",1,900,900,392.14,"San Francisco","California","West",2024,5,"Q2","May",0.4357,FALSE
"EC-1285",2025-12-19,"CUST-108","Sophia Martinez","Gel Pen Set (12-pack)","Office Supplies",3,900,2700,1144.99,"Seattle","Washington","West",2025,12,"Q4","Dec",0.4241,FALSE
"EC-1286",2024-07-07,"CUST-110","Isabella Wilson","Dell XPS 15","Electronics",2,124000,248000,39167.77,"Philadelphia","Pennsylvania","East",2024,7,"Q3","Jul",0.1579,TRUE
"EC-1287",2026-04-18,"CUST-110","Isabella Wilson","Premium Notebook Pack","Office Supplies",1,1200,1200,462.37,"Chicago","Illinois","Central",2026,4,"Q2","Apr",0.3853,FALSE
"EC-1288",2024-04-22,"CUST-134","Grace Hill","iPad Air","Electronics",1,49000,49000,15208.08,"Boston","Massachusetts","East",2024,4,"Q2","Apr",0.3104,FALSE
"EC-1289",2024-01-27,"CUST-111","Lucas Anderson","iPhone 15 Pro","Electronics",3,82900,248700,49598.75,"Atlanta","Georgia","South",2024,1,"Q1","Jan",0.1994,TRUE
"EC-1290",2025-08-28,"CUST-142","Penelope Mitchell","Modern Sofa","Furniture",2,74500,149000,13280.83,"Houston","Texas","Central",2025,8,"Q3","Aug",0.0891,FALSE
"EC-1291",2025-10-06,"CUST-148","Nora Parker","Denim Jeans","Clothing",1,4900,4900,1648.8,"Chicago","Illinois","Central",2025,10,"Q4","Oct",0.3365,FALSE
"EC-1292",2024-03-26,"CUST-120","Evelyn Harris","Premium Notebook Pack","Office Supplies",1,1200,1200,584.99,"Chicago","Illinois","Central",2024,3,"Q1","Mar",0.4875,FALSE
"EC-1293",2025-09-17,"CUST-102","Jane Smith","Waterproof Leather Jacket","Clothing",1,14900,14900,6088.96,"Seattle","Washington","West",2025,9,"Q3","Sep",0.4087,FALSE
"EC-1294",2024-09-06,"CUST-131","Jack King","Denim Jeans","Clothing",2,4900,9800,3952.56,"Atlanta","Georgia","South",2024,9,"Q3","Sep",0.4033,FALSE
"EC-1295",2024-06-17,"CUST-125","Joseph Lee","Ergonomic Office Chair","Furniture",1,20500,20500,2991.49,"Chicago","Illinois","Central",2024,6,"Q2","Jun",0.1459,FALSE
"EC-1296",2026-01-01,"CUST-110","Isabella Wilson","Denim Jeans","Clothing",3,4900,14700,4478.19,"Los Angeles","California","West",2026,1,"Q1","Jan",0.3046,FALSE
"EC-1297",2025-07-03,"CUST-146","Lillian Phillips","Running Shoes","Clothing",3,9900,29700,12461.76,"Atlanta","Georgia","South",2025,7,"Q3","Jul",0.4196,FALSE
"EC-1298",2024-12-27,"CUST-132","Scarlett Wright","iPhone 15 Pro","Electronics",4,82900,331600,115345.89,"Boston","Massachusetts","East",2024,12,"Q4","Dec",0.3478,TRUE
"EC-1299",2025-04-01,"CUST-136","Victoria Green","LED Desk Lamp","Furniture",2,4000,8000,1183.19,"Los Angeles","California","West",2025,4,"Q2","Apr",0.1479,FALSE
"EC-1300",2026-06-13,"CUST-148","Nora Parker","LED Desk Lamp","Furniture",1,4000,4000,665.08,"Miami","Florida","South",2026,6,"Q2","Jun",0.1663,FALSE
"EC-1301",2026-05-07,"CUST-115","Ethan Jackson","Dry Erase Whiteboard","Office Supplies",2,3700,7400,3076.94,"Houston","Texas","Central",2026,5,"Q2","May",0.4158,FALSE
"EC-1302",2024-04-24,"CUST-123","David Rodriguez","Gel Pen Set (12-pack)","Office Supplies",2,900,1800,1053.1,"Seattle","Washington","West",2024,4,"Q2","Apr",0.5851,FALSE
"EC-1303",2026-05-22,"CUST-124","Elizabeth Lewis","Modern Sofa","Furniture",1,74500,74500,-5757.75,"Boston","Massachusetts","East",2026,5,"Q2","May",-0.0773,FALSE
"EC-1304",2026-02-17,"CUST-125","Joseph Lee","Running Shoes","Clothing",1,9900,9900,4160.74,"Miami","Florida","South",2026,2,"Q1","Feb",0.4203,FALSE
"EC-1305",2026-01-01,"CUST-111","Lucas Anderson","Sony WH-1000XM5","Electronics",1,33000,33000,6964.33,"Houston","Texas","Central",2026,1,"Q1","Jan",0.211,FALSE
"EC-1306",2024-07-31,"CUST-119","Matthew White","Gel Pen Set (12-pack)","Office Supplies",2,900,1800,934.15,"Atlanta","Georgia","South",2024,7,"Q3","Jul",0.519,FALSE
"EC-1307",2024-10-18,"CUST-142","Penelope Mitchell","Ergonomic Office Chair","Furniture",2,20500,41000,2722.7,"Houston","Texas","Central",2024,10,"Q4","Oct",0.0664,FALSE
"EC-1308",2025-03-01,"CUST-134","Grace Hill","iPhone 15 Pro","Electronics",2,82900,165800,48539.21,"Boston","Massachusetts","East",2025,3,"Q1","Mar",0.2928,TRUE
"EC-1309",2024-08-01,"CUST-105","William Brown","Premium Notebook Pack","Office Supplies",1,1200,1200,530.53,"Chicago","Illinois","Central",2024,8,"Q3","Aug",0.4421,FALSE
"EC-1310",2025-03-13,"CUST-119","Matthew White","Modern Sofa","Furniture",1,74500,74500,8731.13,"New York","New York","East",2025,3,"Q1","Mar",0.1172,FALSE
"EC-1311",2026-04-06,"CUST-123","David Rodriguez","Cotton Slim Fit T-Shirt","Clothing",5,2000,10000,3609.94,"Miami","Florida","South",2026,4,"Q2","Apr",0.361,FALSE
"EC-1312",2025-09-16,"CUST-143","Wyatt Perez","Premium Notebook Pack","Office Supplies",1,1200,1200,701.69,"Los Angeles","California","West",2025,9,"Q3","Sep",0.5847,FALSE
"EC-1313",2025-06-25,"CUST-150","Zoe Edwards","Modern Sofa","Furniture",2,74500,149000,22797.69,"Nashville","Tennessee","South",2025,6,"Q2","Jun",0.153,FALSE
"EC-1314",2025-11-29,"CUST-143","Wyatt Perez","iPhone 15 Pro","Electronics",5,82900,414500,81040.01,"Boston","Massachusetts","East",2025,11,"Q4","Nov",0.1955,TRUE
"EC-1315",2025-04-13,"CUST-142","Penelope Mitchell","Gel Pen Set (12-pack)","Office Supplies",3,900,2700,1569.27,"Boston","Massachusetts","East",2025,4,"Q2","Apr",0.5812,FALSE
"EC-1316",2026-05-25,"CUST-105","William Brown","Modern Sofa","Furniture",1,74500,74500,15592.18,"Chicago","Illinois","Central",2026,5,"Q2","May",0.2093,FALSE
"EC-1317",2025-07-12,"CUST-145","Matthew Turner","Modern Sofa","Furniture",1,74500,74500,11863.34,"Los Angeles","California","West",2025,7,"Q3","Jul",0.1592,FALSE
"EC-1318",2024-04-14,"CUST-121","Logan Martin","Sony WH-1000XM5","Electronics",2,33000,66000,8987.5,"Dallas","Texas","Central",2024,4,"Q2","Apr",0.1362,FALSE
"EC-1319",2024-07-20,"CUST-142","Penelope Mitchell","iPhone 15 Pro","Electronics",2,82900,165800,44174.28,"Houston","Texas","Central",2024,7,"Q3","Jul",0.2664,TRUE
"EC-1320",2024-03-28,"CUST-117","Daniel Lee","Gel Pen Set (12-pack)","Office Supplies",1,900,900,575.84,"Dallas","Texas","Central",2024,3,"Q1","Mar",0.6398,FALSE
"EC-1321",2025-01-04,"CUST-135","Owen Scott","Gel Pen Set (12-pack)","Office Supplies",4,900,3600,2203.38,"New York","New York","East",2025,1,"Q1","Jan",0.612,FALSE
"EC-1322",2025-01-25,"CUST-146","Lillian Phillips","iPhone 15 Pro","Electronics",4,82900,331600,75428.95,"Philadelphia","Pennsylvania","East",2025,1,"Q1","Jan",0.2275,TRUE
"EC-1323",2025-02-01,"CUST-110","Isabella Wilson","Solid Oak Dining Table","Furniture",1,66000,66000,9367.81,"Dallas","Texas","Central",2025,2,"Q1","Feb",0.1419,FALSE
"EC-1324",2024-09-24,"CUST-128","Sofia Allen","Denim Jeans","Clothing",1,4900,4900,2080.57,"Atlanta","Georgia","South",2024,9,"Q3","Sep",0.4246,FALSE
"EC-1325",2025-11-23,"CUST-134","Grace Hill","Premium Notebook Pack","Office Supplies",2,1200,2400,1118.55,"Chicago","Illinois","Central",2025,11,"Q4","Nov",0.4661,FALSE
"EC-1326",2026-03-29,"CUST-122","Abigail Clark","Premium Notebook Pack","Office Supplies",1,1200,1200,591.65,"Philadelphia","Pennsylvania","East",2026,3,"Q1","Mar",0.493,FALSE
"EC-1327",2025-06-05,"CUST-105","William Brown","Denim Jeans","Clothing",3,4900,14700,7651.74,"Seattle","Washington","West",2025,6,"Q2","Jun",0.5205,FALSE
"EC-1328",2024-04-30,"CUST-124","Elizabeth Lewis","Ergonomic Office Chair","Furniture",1,20500,20500,-1438.28,"Boston","Massachusetts","East",2024,4,"Q2","Apr",-0.0702,FALSE
"EC-1329",2025-08-23,"CUST-112","Mia Thomas","iPad Air","Electronics",3,49000,147000,29507.95,"Philadelphia","Pennsylvania","East",2025,8,"Q3","Aug",0.2007,FALSE
"EC-1330",2024-02-06,"CUST-115","Ethan Jackson","Denim Jeans","Clothing",2,4900,9800,3392.07,"Miami","Florida","South",2024,2,"Q1","Feb",0.3461,FALSE
"EC-1331",2025-12-06,"CUST-126","Avery Walker","iPad Air","Electronics",1,49000,49000,12777.78,"Los Angeles","California","West",2025,12,"Q4","Dec",0.2608,FALSE
"EC-1332",2024-06-11,"CUST-138","Chloe Baker","Modern Sofa","Furniture",1,74500,74500,16696.85,"Los Angeles","California","West",2024,6,"Q2","Jun",0.2241,FALSE
"EC-1333",2025-02-21,"CUST-133","Luke Lopez","Premium Notebook Pack","Office Supplies",1,1200,1200,578.9,"New York","New York","East",2025,2,"Q1","Feb",0.4824,FALSE
"EC-1334",2026-03-05,"CUST-128","Sofia Allen","Gel Pen Set (12-pack)","Office Supplies",5,900,4500,2899.29,"Boston","Massachusetts","East",2026,3,"Q1","Mar",0.6443,FALSE
"EC-1335",2024-02-15,"CUST-123","David Rodriguez","Heavy Duty Stapler","Office Supplies",1,1800,1800,676.69,"Miami","Florida","South",2024,2,"Q1","Feb",0.3759,FALSE
"EC-1336",2024-10-13,"CUST-145","Matthew Turner","Running Shoes","Clothing",2,9900,19800,5813.16,"Nashville","Tennessee","South",2024,10,"Q4","Oct",0.2936,FALSE
"EC-1337",2026-05-08,"CUST-141","Henry Carter","Gel Pen Set (12-pack)","Office Supplies",4,900,3600,1931.84,"Boston","Massachusetts","East",2026,5,"Q2","May",0.5366,FALSE
"EC-1338",2025-04-08,"CUST-114","Charlotte Moore","Dry Erase Whiteboard","Office Supplies",4,3700,14800,8016.26,"Los Angeles","California","West",2025,4,"Q2","Apr",0.5416,FALSE
"EC-1339",2026-05-17,"CUST-112","Mia Thomas","Solid Oak Dining Table","Furniture",3,66000,198000,-25002.06,"Philadelphia","Pennsylvania","East",2026,5,"Q2","May",-0.1263,TRUE
"EC-1340",2025-01-10,"CUST-118","Harper Thompson","Dell XPS 15","Electronics",3,124000,372000,69915.91,"Dallas","Texas","Central",2025,1,"Q1","Jan",0.1879,TRUE
"EC-1341",2026-03-31,"CUST-107","James Garcia","Cotton Slim Fit T-Shirt","Clothing",1,2000,2000,1030.87,"Dallas","Texas","Central",2026,3,"Q1","Mar",0.5154,FALSE
"EC-1342",2024-10-06,"CUST-116","Amelia Martin","Premium Notebook Pack","Office Supplies",3,1200,3600,1838.86,"New York","New York","East",2024,10,"Q4","Oct",0.5108,FALSE
"EC-1343",2026-01-25,"CUST-112","Mia Thomas","Denim Jeans","Clothing",2,4900,9800,4475.18,"Los Angeles","California","West",2026,1,"Q1","Jan",0.4567,FALSE
"EC-1344",2025-02-07,"CUST-144","Layla Roberts","Waterproof Leather Jacket","Clothing",2,14900,29800,13138.36,"Los Angeles","California","West",2025,2,"Q1","Feb",0.4409,FALSE
"EC-1345",2025-12-15,"CUST-106","Olivia Jones","Dry Erase Whiteboard","Office Supplies",2,3700,7400,3955.47,"Atlanta","Georgia","South",2025,12,"Q4","Dec",0.5345,FALSE
"EC-1346",2024-08-12,"CUST-119","Matthew White","Dell XPS 15","Electronics",2,124000,248000,47008.72,"Atlanta","Georgia","South",2024,8,"Q3","Aug",0.1896,TRUE
"EC-1347",2025-01-13,"CUST-150","Zoe Edwards","Ergonomic Office Chair","Furniture",1,20500,20500,394.49,"Seattle","Washington","West",2025,1,"Q1","Jan",0.0192,FALSE
"EC-1348",2024-07-24,"CUST-102","Jane Smith","LED Desk Lamp","Furniture",1,4000,4000,380.89,"Dallas","Texas","Central",2024,7,"Q3","Jul",0.0952,FALSE
"EC-1349",2024-12-13,"CUST-108","Sophia Martinez","Modern Sofa","Furniture",2,74500,149000,-7895.78,"Chicago","Illinois","Central",2024,12,"Q4","Dec",-0.053,FALSE
"EC-1350",2026-03-11,"CUST-124","Elizabeth Lewis","iPhone 15 Pro","Electronics",1,82900,82900,28106.45,"Atlanta","Georgia","South",2026,3,"Q1","Mar",0.339,FALSE
"EC-1351",2025-08-27,"CUST-121","Logan Martin","LED Desk Lamp","Furniture",4,4000,16000,3332.75,"Miami","Florida","South",2025,8,"Q3","Aug",0.2083,FALSE
"EC-1352",2026-03-14,"CUST-133","Luke Lopez","Gel Pen Set (12-pack)","Office Supplies",2,900,1800,705.53,"San Francisco","California","West",2026,3,"Q1","Mar",0.392,FALSE
"EC-1353",2024-10-27,"CUST-125","Joseph Lee","Sony WH-1000XM5","Electronics",4,33000,132000,31262.65,"Seattle","Washington","West",2024,10,"Q4","Oct",0.2368,FALSE
"EC-1354",2026-05-13,"CUST-147","Daniel Campbell","Denim Jeans","Clothing",1,4900,4900,1732.69,"Dallas","Texas","Central",2026,5,"Q2","May",0.3536,FALSE
"EC-1355",2024-12-23,"CUST-128","Sofia Allen","Dell XPS 15","Electronics",3,124000,372000,126838.58,"New York","New York","East",2024,12,"Q4","Dec",0.341,TRUE
"EC-1356",2025-11-14,"CUST-150","Zoe Edwards","Solid Oak Dining Table","Furniture",1,66000,66000,6384.75,"Houston","Texas","Central",2025,11,"Q4","Nov",0.0967,FALSE
"EC-1357",2026-02-03,"CUST-146","Lillian Phillips","Modern Sofa","Furniture",1,74500,74500,7556.41,"Los Angeles","California","West",2026,2,"Q1","Feb",0.1014,FALSE
"EC-1358",2025-10-08,"CUST-125","Joseph Lee","Sony WH-1000XM5","Electronics",1,33000,33000,8859.99,"San Francisco","California","West",2025,10,"Q4","Oct",0.2685,FALSE
"EC-1359",2026-05-25,"CUST-133","Luke Lopez","Heavy Duty Stapler","Office Supplies",3,1800,5400,3477.58,"Miami","Florida","South",2026,5,"Q2","May",0.644,FALSE
"EC-1360",2026-02-11,"CUST-106","Olivia Jones","Sony WH-1000XM5","Electronics",1,33000,33000,7959.49,"San Francisco","California","West",2026,2,"Q1","Feb",0.2412,FALSE
"EC-1361",2024-06-07,"CUST-119","Matthew White","Dell XPS 15","Electronics",4,124000,496000,125058.47,"Atlanta","Georgia","South",2024,6,"Q2","Jun",0.2521,TRUE
"EC-1362",2025-10-14,"CUST-136","Victoria Green","Ergonomic Office Chair","Furniture",2,20500,41000,4273.3,"Atlanta","Georgia","South",2025,10,"Q4","Oct",0.1042,FALSE
"EC-1363",2025-01-12,"CUST-121","Logan Martin","Dry Erase Whiteboard","Office Supplies",3,3700,11100,4455.65,"Philadelphia","Pennsylvania","East",2025,1,"Q1","Jan",0.4014,FALSE
"EC-1364",2025-06-25,"CUST-101","John Doe","Heavy Duty Stapler","Office Supplies",2,1800,3600,1729.41,"Los Angeles","California","West",2025,6,"Q2","Jun",0.4804,FALSE
"EC-1365",2024-02-23,"CUST-101","John Doe","Solid Oak Dining Table","Furniture",2,66000,132000,28282.72,"Nashville","Tennessee","South",2024,2,"Q1","Feb",0.2143,FALSE
"EC-1366",2025-05-28,"CUST-101","John Doe","Cotton Slim Fit T-Shirt","Clothing",3,2000,6000,2535.61,"San Francisco","California","West",2025,5,"Q2","May",0.4226,FALSE
"EC-1367",2025-06-23,"CUST-115","Ethan Jackson","Sony WH-1000XM5","Electronics",4,33000,132000,43420.32,"Houston","Texas","Central",2025,6,"Q2","Jun",0.3289,TRUE
"EC-1368",2025-01-21,"CUST-126","Avery Walker","Dell XPS 15","Electronics",4,124000,496000,113435.89,"Boston","Massachusetts","East",2025,1,"Q1","Jan",0.2287,TRUE
"EC-1369",2025-09-14,"CUST-127","Jackson Hall","Solid Oak Dining Table","Furniture",2,66000,132000,-5243.36,"Atlanta","Georgia","South",2025,9,"Q3","Sep",-0.0397,FALSE
"EC-1370",2024-07-30,"CUST-118","Harper Thompson","Waterproof Leather Jacket","Clothing",3,14900,44700,22175.02,"Nashville","Tennessee","South",2024,7,"Q3","Jul",0.4961,FALSE
"EC-1371",2026-01-16,"CUST-121","Logan Martin","Dry Erase Whiteboard","Office Supplies",3,3700,11100,5638.26,"Dallas","Texas","Central",2026,1,"Q1","Jan",0.508,FALSE
"EC-1372",2024-09-21,"CUST-130","Ella Hernandez","iPhone 15 Pro","Electronics",3,82900,248700,73392.17,"Philadelphia","Pennsylvania","East",2024,9,"Q3","Sep",0.2951,TRUE
"EC-1373",2026-04-01,"CUST-111","Lucas Anderson","Gel Pen Set (12-pack)","Office Supplies",1,900,900,361.03,"Philadelphia","Pennsylvania","East",2026,4,"Q2","Apr",0.4011,FALSE
"EC-1374",2024-05-17,"CUST-133","Luke Lopez","Ergonomic Office Chair","Furniture",2,20500,41000,1925.11,"Los Angeles","California","West",2024,5,"Q2","May",0.047,FALSE
"EC-1375",2025-12-11,"CUST-130","Ella Hernandez","iPad Air","Electronics",1,49000,49000,10618.72,"Dallas","Texas","Central",2025,12,"Q4","Dec",0.2167,FALSE
"EC-1376",2025-09-18,"CUST-110","Isabella Wilson","Dell XPS 15","Electronics",2,124000,248000,81405.72,"Miami","Florida","South",2025,9,"Q3","Sep",0.3282,TRUE
"EC-1377",2025-08-16,"CUST-141","Henry Carter","Sony WH-1000XM5","Electronics",2,33000,66000,8615.68,"Atlanta","Georgia","South",2025,8,"Q3","Aug",0.1305,FALSE
"EC-1378",2025-02-12,"CUST-137","Gabriel Adams","Denim Jeans","Clothing",1,4900,4900,2059.44,"Houston","Texas","Central",2025,2,"Q1","Feb",0.4203,FALSE
"EC-1379",2025-09-11,"CUST-138","Chloe Baker","Solid Oak Dining Table","Furniture",5,66000,330000,61646.01,"Los Angeles","California","West",2025,9,"Q3","Sep",0.1868,TRUE
"EC-1380",2024-07-20,"CUST-143","Wyatt Perez","Waterproof Leather Jacket","Clothing",5,14900,74500,34686.68,"San Francisco","California","West",2024,7,"Q3","Jul",0.4656,FALSE
"EC-1381",2024-03-13,"CUST-137","Gabriel Adams","Solid Oak Dining Table","Furniture",5,66000,330000,59351.78,"Houston","Texas","Central",2024,3,"Q1","Mar",0.1799,TRUE
"EC-1382",2025-10-20,"CUST-119","Matthew White","Cotton Slim Fit T-Shirt","Clothing",1,2000,2000,854.08,"Philadelphia","Pennsylvania","East",2025,10,"Q4","Oct",0.427,FALSE
"EC-1383",2024-11-30,"CUST-106","Olivia Jones","Heavy Duty Stapler","Office Supplies",1,1800,1800,665.98,"Dallas","Texas","Central",2024,11,"Q4","Nov",0.37,FALSE
"EC-1384",2024-02-15,"CUST-108","Sophia Martinez","Gel Pen Set (12-pack)","Office Supplies",5,900,4500,1939.66,"Dallas","Texas","Central",2024,2,"Q1","Feb",0.431,FALSE
"EC-1385",2024-09-03,"CUST-116","Amelia Martin","Waterproof Leather Jacket","Clothing",2,14900,29800,11280.51,"New York","New York","East",2024,9,"Q3","Sep",0.3785,FALSE
"EC-1386",2024-05-10,"CUST-117","Daniel Lee","Waterproof Leather Jacket","Clothing",3,14900,44700,21481.05,"Dallas","Texas","Central",2024,5,"Q2","May",0.4806,FALSE
"EC-1387",2024-05-29,"CUST-144","Layla Roberts","Sony WH-1000XM5","Electronics",4,33000,132000,32383.62,"Philadelphia","Pennsylvania","East",2024,5,"Q2","May",0.2453,FALSE
"EC-1388",2024-03-01,"CUST-142","Penelope Mitchell","Sony WH-1000XM5","Electronics",5,33000,165000,21018.98,"Chicago","Illinois","Central",2024,3,"Q1","Mar",0.1274,FALSE
"EC-1389",2024-01-20,"CUST-108","Sophia Martinez","Solid Oak Dining Table","Furniture",2,66000,132000,-4020.82,"Houston","Texas","Central",2024,1,"Q1","Jan",-0.0305,FALSE
"EC-1390",2025-11-12,"CUST-140","Camila Nelson","LED Desk Lamp","Furniture",3,4000,12000,-1001.35,"San Francisco","California","West",2025,11,"Q4","Nov",-0.0834,FALSE
"EC-1391",2024-12-19,"CUST-139","Carter Gonzalez","iPhone 15 Pro","Electronics",1,82900,82900,18781.21,"Seattle","Washington","West",2024,12,"Q4","Dec",0.2266,FALSE
"EC-1392",2025-06-12,"CUST-146","Lillian Phillips","Heavy Duty Stapler","Office Supplies",1,1800,1800,1026.83,"Los Angeles","California","West",2025,6,"Q2","Jun",0.5705,FALSE
"EC-1393",2024-03-22,"CUST-147","Daniel Campbell","iPad Air","Electronics",4,49000,196000,44298.37,"Dallas","Texas","Central",2024,3,"Q1","Mar",0.226,TRUE
"EC-1394",2024-07-29,"CUST-147","Daniel Campbell","iPhone 15 Pro","Electronics",1,82900,82900,26966.51,"New York","New York","East",2024,7,"Q3","Jul",0.3253,FALSE
"EC-1395",2024-06-22,"CUST-111","Lucas Anderson","Premium Notebook Pack","Office Supplies",2,1200,2400,1273.91,"New York","New York","East",2024,6,"Q2","Jun",0.5308,FALSE
"EC-1396",2024-09-29,"CUST-142","Penelope Mitchell","Dell XPS 15","Electronics",1,124000,124000,16759.97,"San Francisco","California","West",2024,9,"Q3","Sep",0.1352,FALSE
"EC-1397",2024-04-03,"CUST-150","Zoe Edwards","Modern Sofa","Furniture",1,74500,74500,-6445.73,"Miami","Florida","South",2024,4,"Q2","Apr",-0.0865,FALSE
"EC-1398",2024-11-25,"CUST-115","Ethan Jackson","Heavy Duty Stapler","Office Supplies",4,1800,7200,4424.07,"Miami","Florida","South",2024,11,"Q4","Nov",0.6145,FALSE
"EC-1399",2025-03-04,"CUST-131","Jack King","iPad Air","Electronics",1,49000,49000,9850.21,"Atlanta","Georgia","South",2025,3,"Q1","Mar",0.201,FALSE
"EC-1400",2025-11-20,"CUST-147","Daniel Campbell","Ergonomic Office Chair","Furniture",2,20500,41000,-4656.44,"New York","New York","East",2025,11,"Q4","Nov",-0.1136,FALSE
"EC-1401",2024-06-27,"CUST-119","Matthew White","Modern Sofa","Furniture",2,74500,149000,-6251.18,"Houston","Texas","Central",2024,6,"Q2","Jun",-0.042,FALSE
"EC-1402",2024-03-14,"CUST-145","Matthew Turner","Ergonomic Office Chair","Furniture",2,20500,41000,-1632.12,"Atlanta","Georgia","South",2024,3,"Q1","Mar",-0.0398,FALSE
"EC-1403",2024-10-30,"CUST-123","David Rodriguez","iPad Air","Electronics",2,49000,98000,19801.83,"San Francisco","California","West",2024,10,"Q4","Oct",0.2021,FALSE
"EC-1404",2026-04-15,"CUST-125","Joseph Lee","Dry Erase Whiteboard","Office Supplies",2,3700,7400,2793.89,"Houston","Texas","Central",2026,4,"Q2","Apr",0.3776,FALSE
"EC-1405",2025-04-17,"CUST-103","Michael Johnson","iPhone 15 Pro","Electronics",4,82900,331600,57838.01,"Seattle","Washington","West",2025,4,"Q2","Apr",0.1744,TRUE
"EC-1406",2024-12-11,"CUST-128","Sofia Allen","Denim Jeans","Clothing",1,4900,4900,1853.79,"San Francisco","California","West",2024,12,"Q4","Dec",0.3783,FALSE
"EC-1407",2026-04-08,"CUST-142","Penelope Mitchell","Gel Pen Set (12-pack)","Office Supplies",3,900,2700,1425.83,"Miami","Florida","South",2026,4,"Q2","Apr",0.5281,FALSE
"EC-1408",2024-08-18,"CUST-116","Amelia Martin","Heavy Duty Stapler","Office Supplies",1,1800,1800,910.58,"San Francisco","California","West",2024,8,"Q3","Aug",0.5059,FALSE
"EC-1409",2024-12-31,"CUST-121","Logan Martin","Premium Notebook Pack","Office Supplies",3,1200,3600,1387.69,"Nashville","Tennessee","South",2024,12,"Q4","Dec",0.3855,FALSE
"EC-1410",2024-04-25,"CUST-145","Matthew Turner","iPad Air","Electronics",3,49000,147000,39949.81,"Dallas","Texas","Central",2024,4,"Q2","Apr",0.2718,TRUE
"EC-1411",2025-12-26,"CUST-127","Jackson Hall","Modern Sofa","Furniture",1,74500,74500,7994.01,"Boston","Massachusetts","East",2025,12,"Q4","Dec",0.1073,FALSE
"EC-1412",2024-04-17,"CUST-131","Jack King","iPad Air","Electronics",4,49000,196000,38684.17,"Los Angeles","California","West",2024,4,"Q2","Apr",0.1974,TRUE
"EC-1413",2025-10-20,"CUST-150","Zoe Edwards","Premium Notebook Pack","Office Supplies",3,1200,3600,2048.32,"Miami","Florida","South",2025,10,"Q4","Oct",0.569,FALSE
"EC-1414",2024-11-21,"CUST-133","Luke Lopez","Heavy Duty Stapler","Office Supplies",2,1800,3600,1791.53,"Philadelphia","Pennsylvania","East",2024,11,"Q4","Nov",0.4976,FALSE
"EC-1415",2026-01-17,"CUST-109","Benjamin Miller","Dell XPS 15","Electronics",1,124000,124000,16255.17,"Los Angeles","California","West",2026,1,"Q1","Jan",0.1311,FALSE
"EC-1416",2025-08-23,"CUST-143","Wyatt Perez","Heavy Duty Stapler","Office Supplies",2,1800,3600,1928.59,"Miami","Florida","South",2025,8,"Q3","Aug",0.5357,FALSE
"EC-1417",2025-06-25,"CUST-137","Gabriel Adams","LED Desk Lamp","Furniture",2,4000,8000,1773.84,"Nashville","Tennessee","South",2025,6,"Q2","Jun",0.2217,FALSE
"EC-1418",2025-09-09,"CUST-146","Lillian Phillips","Dell XPS 15","Electronics",2,124000,248000,39195.57,"Seattle","Washington","West",2025,9,"Q3","Sep",0.158,TRUE
"EC-1419",2024-04-12,"CUST-127","Jackson Hall","Cotton Slim Fit T-Shirt","Clothing",1,2000,2000,998.32,"San Francisco","California","West",2024,4,"Q2","Apr",0.4992,FALSE
"EC-1420",2026-01-24,"CUST-135","Owen Scott","Ergonomic Office Chair","Furniture",2,20500,41000,-2187.71,"Nashville","Tennessee","South",2026,1,"Q1","Jan",-0.0534,FALSE
"EC-1421",2024-12-10,"CUST-105","William Brown","Heavy Duty Stapler","Office Supplies",2,1800,3600,2256.58,"Nashville","Tennessee","South",2024,12,"Q4","Dec",0.6268,FALSE
"EC-1422",2024-09-14,"CUST-128","Sofia Allen","Sony WH-1000XM5","Electronics",2,33000,66000,21824.35,"Miami","Florida","South",2024,9,"Q3","Sep",0.3307,FALSE
"EC-1423",2025-01-27,"CUST-111","Lucas Anderson","Gel Pen Set (12-pack)","Office Supplies",1,900,900,471.78,"Los Angeles","California","West",2025,1,"Q1","Jan",0.5242,FALSE
"EC-1424",2024-07-02,"CUST-146","Lillian Phillips","Dell XPS 15","Electronics",3,124000,372000,44774.57,"New York","New York","East",2024,7,"Q3","Jul",0.1204,TRUE
"EC-1425",2026-04-22,"CUST-148","Nora Parker","Premium Notebook Pack","Office Supplies",1,1200,1200,775.86,"San Francisco","California","West",2026,4,"Q2","Apr",0.6466,FALSE
"EC-1426",2025-01-24,"CUST-137","Gabriel Adams","Gel Pen Set (12-pack)","Office Supplies",3,900,2700,1617.64,"Atlanta","Georgia","South",2025,1,"Q1","Jan",0.5991,FALSE
"EC-1427",2026-03-09,"CUST-108","Sophia Martinez","Dell XPS 15","Electronics",4,124000,496000,150498.67,"New York","New York","East",2026,3,"Q1","Mar",0.3034,TRUE
"EC-1428",2024-07-15,"CUST-138","Chloe Baker","Waterproof Leather Jacket","Clothing",2,14900,29800,15097.59,"Atlanta","Georgia","South",2024,7,"Q3","Jul",0.5066,FALSE
"EC-1429",2025-10-15,"CUST-121","Logan Martin","Ergonomic Office Chair","Furniture",1,20500,20500,1813.74,"Philadelphia","Pennsylvania","East",2025,10,"Q4","Oct",0.0885,FALSE
"EC-1430",2024-07-10,"CUST-104","Emily Davis","Dry Erase Whiteboard","Office Supplies",3,3700,11100,6920.78,"Houston","Texas","Central",2024,7,"Q3","Jul",0.6235,FALSE
"EC-1431",2026-01-15,"CUST-105","William Brown","Gel Pen Set (12-pack)","Office Supplies",1,900,900,448.22,"Boston","Massachusetts","East",2026,1,"Q1","Jan",0.498,FALSE
"EC-1432",2025-07-12,"CUST-124","Elizabeth Lewis","Heavy Duty Stapler","Office Supplies",1,1800,1800,815.76,"Los Angeles","California","West",2025,7,"Q3","Jul",0.4532,FALSE
"EC-1433",2024-07-11,"CUST-112","Mia Thomas","Waterproof Leather Jacket","Clothing",3,14900,44700,13097.71,"San Francisco","California","West",2024,7,"Q3","Jul",0.293,FALSE
"EC-1434",2025-02-28,"CUST-150","Zoe Edwards","Denim Jeans","Clothing",2,4900,9800,4800.65,"Dallas","Texas","Central",2025,2,"Q1","Feb",0.4899,FALSE
"EC-1435",2024-02-18,"CUST-139","Carter Gonzalez","LED Desk Lamp","Furniture",2,4000,8000,1078.13,"Dallas","Texas","Central",2024,2,"Q1","Feb",0.1348,FALSE
"EC-1436",2025-04-04,"CUST-128","Sofia Allen","Heavy Duty Stapler","Office Supplies",3,1800,5400,2838.17,"Philadelphia","Pennsylvania","East",2025,4,"Q2","Apr",0.5256,FALSE
"EC-1437",2024-01-22,"CUST-145","Matthew Turner","iPhone 15 Pro","Electronics",2,82900,165800,39619.27,"Dallas","Texas","Central",2024,1,"Q1","Jan",0.239,TRUE
"EC-1438",2026-02-07,"CUST-142","Penelope Mitchell","Gel Pen Set (12-pack)","Office Supplies",2,900,1800,771.34,"Boston","Massachusetts","East",2026,2,"Q1","Feb",0.4285,FALSE
"EC-1439",2026-01-16,"CUST-148","Nora Parker","Sony WH-1000XM5","Electronics",1,33000,33000,11112.55,"Boston","Massachusetts","East",2026,1,"Q1","Jan",0.3367,FALSE
"EC-1440",2025-01-11,"CUST-136","Victoria Green","LED Desk Lamp","Furniture",2,4000,8000,1071.41,"Los Angeles","California","West",2025,1,"Q1","Jan",0.1339,FALSE
"EC-1441",2024-05-11,"CUST-102","Jane Smith","Cotton Slim Fit T-Shirt","Clothing",1,2000,2000,944.24,"Houston","Texas","Central",2024,5,"Q2","May",0.4721,FALSE
"EC-1442",2025-08-01,"CUST-112","Mia Thomas","Ergonomic Office Chair","Furniture",1,20500,20500,2209.4,"Nashville","Tennessee","South",2025,8,"Q3","Aug",0.1078,FALSE
"EC-1443",2024-07-05,"CUST-145","Matthew Turner","Gel Pen Set (12-pack)","Office Supplies",4,900,3600,1496.32,"Atlanta","Georgia","South",2024,7,"Q3","Jul",0.4156,FALSE
"EC-1444",2024-02-22,"CUST-101","John Doe","Cotton Slim Fit T-Shirt","Clothing",3,2000,6000,2127.53,"Los Angeles","California","West",2024,2,"Q1","Feb",0.3546,FALSE
"EC-1445",2025-09-28,"CUST-147","Daniel Campbell","Heavy Duty Stapler","Office Supplies",1,1800,1800,729.34,"Philadelphia","Pennsylvania","East",2025,9,"Q3","Sep",0.4052,FALSE
"EC-1446",2024-02-28,"CUST-112","Mia Thomas","Running Shoes","Clothing",2,9900,19800,6866.99,"Seattle","Washington","West",2024,2,"Q1","Feb",0.3468,FALSE
"EC-1447",2026-04-16,"CUST-147","Daniel Campbell","Solid Oak Dining Table","Furniture",1,66000,66000,13341.73,"Houston","Texas","Central",2026,4,"Q2","Apr",0.2021,FALSE
"EC-1448",2025-11-12,"CUST-148","Nora Parker","Gel Pen Set (12-pack)","Office Supplies",5,900,4500,2108.47,"Los Angeles","California","West",2025,11,"Q4","Nov",0.4685,FALSE
"EC-1449",2025-12-02,"CUST-131","Jack King","iPad Air","Electronics",1,49000,49000,13398.23,"Nashville","Tennessee","South",2025,12,"Q4","Dec",0.2734,FALSE
"EC-1450",2025-02-07,"CUST-149","Julian Evans","Waterproof Leather Jacket","Clothing",2,14900,29800,13636.21,"Dallas","Texas","Central",2025,2,"Q1","Feb",0.4576,FALSE
"EC-1451",2024-06-10,"CUST-149","Julian Evans","Modern Sofa","Furniture",4,74500,298000,-6707.2,"Boston","Massachusetts","East",2024,6,"Q2","Jun",-0.0225,TRUE
"EC-1452",2024-03-27,"CUST-101","John Doe","Dry Erase Whiteboard","Office Supplies",2,3700,7400,3653.65,"Miami","Florida","South",2024,3,"Q1","Mar",0.4937,FALSE
"EC-1453",2024-08-15,"CUST-149","Julian Evans","iPad Air","Electronics",1,49000,49000,8800.55,"Chicago","Illinois","Central",2024,8,"Q3","Aug",0.1796,FALSE
"EC-1454",2025-07-22,"CUST-110","Isabella Wilson","Dell XPS 15","Electronics",1,124000,124000,17394.33,"Los Angeles","California","West",2025,7,"Q3","Jul",0.1403,FALSE
"EC-1455",2025-10-21,"CUST-131","Jack King","Cotton Slim Fit T-Shirt","Clothing",2,2000,4000,1043.73,"Boston","Massachusetts","East",2025,10,"Q4","Oct",0.2609,FALSE
"EC-1456",2025-06-22,"CUST-103","Michael Johnson","Cotton Slim Fit T-Shirt","Clothing",3,2000,6000,2618.12,"Dallas","Texas","Central",2025,6,"Q2","Jun",0.4364,FALSE
"EC-1457",2024-06-22,"CUST-117","Daniel Lee","Ergonomic Office Chair","Furniture",2,20500,41000,4857.27,"Houston","Texas","Central",2024,6,"Q2","Jun",0.1185,FALSE
"EC-1458",2024-06-22,"CUST-104","Emily Davis","Heavy Duty Stapler","Office Supplies",1,1800,1800,822.68,"Houston","Texas","Central",2024,6,"Q2","Jun",0.457,FALSE
"EC-1459",2024-01-03,"CUST-125","Joseph Lee","Dell XPS 15","Electronics",1,124000,124000,33267.17,"San Francisco","California","West",2024,1,"Q1","Jan",0.2683,FALSE
"EC-1460",2025-08-29,"CUST-111","Lucas Anderson","Solid Oak Dining Table","Furniture",2,66000,132000,21205.34,"New York","New York","East",2025,8,"Q3","Aug",0.1606,FALSE
"EC-1461",2025-12-03,"CUST-139","Carter Gonzalez","Sony WH-1000XM5","Electronics",3,33000,99000,33228.07,"Nashville","Tennessee","South",2025,12,"Q4","Dec",0.3356,FALSE
"EC-1462",2025-02-05,"CUST-110","Isabella Wilson","Cotton Slim Fit T-Shirt","Clothing",3,2000,6000,1704.07,"New York","New York","East",2025,2,"Q1","Feb",0.284,FALSE
"EC-1463",2024-05-17,"CUST-116","Amelia Martin","iPhone 15 Pro","Electronics",2,82900,165800,56642.57,"Atlanta","Georgia","South",2024,5,"Q2","May",0.3416,TRUE
"EC-1464",2025-04-25,"CUST-107","James Garcia","Dry Erase Whiteboard","Office Supplies",4,3700,14800,5305.03,"Chicago","Illinois","Central",2025,4,"Q2","Apr",0.3584,FALSE
"EC-1465",2026-02-05,"CUST-135","Owen Scott","Solid Oak Dining Table","Furniture",1,66000,66000,-6880.62,"Nashville","Tennessee","South",2026,2,"Q1","Feb",-0.1043,FALSE
"EC-1466",2025-08-18,"CUST-131","Jack King","iPhone 15 Pro","Electronics",2,82900,165800,31692,"Seattle","Washington","West",2025,8,"Q3","Aug",0.1911,FALSE
"EC-1467",2026-03-31,"CUST-150","Zoe Edwards","Cotton Slim Fit T-Shirt","Clothing",4,2000,8000,2964.47,"Los Angeles","California","West",2026,3,"Q1","Mar",0.3706,FALSE
"EC-1468",2026-05-18,"CUST-121","Logan Martin","Waterproof Leather Jacket","Clothing",1,14900,14900,4896.35,"Houston","Texas","Central",2026,5,"Q2","May",0.3286,FALSE
"EC-1469",2025-10-30,"CUST-126","Avery Walker","iPad Air","Electronics",1,49000,49000,8051.34,"Chicago","Illinois","Central",2025,10,"Q4","Oct",0.1643,FALSE
"EC-1470",2026-01-19,"CUST-129","Sebastian Young","Denim Jeans","Clothing",2,4900,9800,4656.63,"Miami","Florida","South",2026,1,"Q1","Jan",0.4752,FALSE
"EC-1471",2025-12-08,"CUST-143","Wyatt Perez","Modern Sofa","Furniture",1,74500,74500,5327.59,"Nashville","Tennessee","South",2025,12,"Q4","Dec",0.0715,FALSE
"EC-1472",2025-04-19,"CUST-137","Gabriel Adams","Running Shoes","Clothing",4,9900,39600,10265.7,"San Francisco","California","West",2025,4,"Q2","Apr",0.2592,FALSE
"EC-1473",2024-06-16,"CUST-148","Nora Parker","Ergonomic Office Chair","Furniture",3,20500,61500,13162.73,"San Francisco","California","West",2024,6,"Q2","Jun",0.214,FALSE
"EC-1474",2024-03-27,"CUST-113","Alexander Taylor","Ergonomic Office Chair","Furniture",2,20500,41000,-3810.77,"San Francisco","California","West",2024,3,"Q1","Mar",-0.0929,FALSE
"EC-1475",2025-05-10,"CUST-104","Emily Davis","Modern Sofa","Furniture",1,74500,74500,1925.02,"Seattle","Washington","West",2025,5,"Q2","May",0.0258,FALSE
"EC-1476",2024-08-05,"CUST-147","Daniel Campbell","Denim Jeans","Clothing",2,4900,9800,3772.6,"Philadelphia","Pennsylvania","East",2024,8,"Q3","Aug",0.385,FALSE
"EC-1477",2024-11-27,"CUST-108","Sophia Martinez","Dell XPS 15","Electronics",1,124000,124000,33671.38,"Atlanta","Georgia","South",2024,11,"Q4","Nov",0.2715,FALSE
"EC-1478",2024-07-20,"CUST-135","Owen Scott","iPad Air","Electronics",3,49000,147000,25442.63,"New York","New York","East",2024,7,"Q3","Jul",0.1731,FALSE
"EC-1479",2024-04-19,"CUST-109","Benjamin Miller","Waterproof Leather Jacket","Clothing",2,14900,29800,16371.8,"New York","New York","East",2024,4,"Q2","Apr",0.5494,FALSE
"EC-1480",2024-04-28,"CUST-113","Alexander Taylor","iPhone 15 Pro","Electronics",3,82900,248700,54106.84,"Atlanta","Georgia","South",2024,4,"Q2","Apr",0.2176,TRUE
"EC-1481",2025-09-10,"CUST-105","William Brown","Dell XPS 15","Electronics",2,124000,248000,44231.57,"New York","New York","East",2025,9,"Q3","Sep",0.1784,TRUE
"EC-1482",2025-12-27,"CUST-112","Mia Thomas","iPhone 15 Pro","Electronics",4,82900,331600,48593.33,"Miami","Florida","South",2025,12,"Q4","Dec",0.1465,TRUE
"EC-1483",2024-02-23,"CUST-104","Emily Davis","Modern Sofa","Furniture",1,74500,74500,3190.85,"Atlanta","Georgia","South",2024,2,"Q1","Feb",0.0428,FALSE
"EC-1484",2025-07-22,"CUST-125","Joseph Lee","Sony WH-1000XM5","Electronics",1,33000,33000,5515.17,"Houston","Texas","Central",2025,7,"Q3","Jul",0.1671,FALSE
"EC-1485",2024-01-27,"CUST-110","Isabella Wilson","LED Desk Lamp","Furniture",4,4000,16000,-1666.93,"Los Angeles","California","West",2024,1,"Q1","Jan",-0.1042,FALSE
"EC-1486",2024-08-13,"CUST-103","Michael Johnson","Denim Jeans","Clothing",1,4900,4900,1488,"Miami","Florida","South",2024,8,"Q3","Aug",0.3037,FALSE
"EC-1487",2025-08-14,"CUST-139","Carter Gonzalez","Waterproof Leather Jacket","Clothing",2,14900,29800,8034.47,"Los Angeles","California","West",2025,8,"Q3","Aug",0.2696,FALSE
"EC-1488",2024-04-19,"CUST-138","Chloe Baker","Cotton Slim Fit T-Shirt","Clothing",1,2000,2000,524.35,"Los Angeles","California","West",2024,4,"Q2","Apr",0.2622,FALSE
"EC-1489",2025-12-29,"CUST-117","Daniel Lee","Denim Jeans","Clothing",1,4900,4900,1425.42,"Atlanta","Georgia","South",2025,12,"Q4","Dec",0.2909,FALSE
"EC-1490",2025-06-10,"CUST-126","Avery Walker","Heavy Duty Stapler","Office Supplies",2,1800,3600,1961.09,"Houston","Texas","Central",2025,6,"Q2","Jun",0.5447,FALSE
"EC-1491",2026-01-22,"CUST-120","Evelyn Harris","Solid Oak Dining Table","Furniture",1,66000,66000,15082.93,"Boston","Massachusetts","East",2026,1,"Q1","Jan",0.2285,FALSE
"EC-1492",2026-05-19,"CUST-142","Penelope Mitchell","iPad Air","Electronics",1,49000,49000,9195.97,"Seattle","Washington","West",2026,5,"Q2","May",0.1877,FALSE
"EC-1493",2024-01-23,"CUST-120","Evelyn Harris","Heavy Duty Stapler","Office Supplies",3,1800,5400,2167.36,"New York","New York","East",2024,1,"Q1","Jan",0.4014,FALSE
"EC-1494",2024-11-12,"CUST-112","Mia Thomas","Dell XPS 15","Electronics",2,124000,248000,46251.72,"Dallas","Texas","Central",2024,11,"Q4","Nov",0.1865,TRUE
"EC-1495",2024-12-04,"CUST-120","Evelyn Harris","Premium Notebook Pack","Office Supplies",5,1200,6000,3712.6,"Philadelphia","Pennsylvania","East",2024,12,"Q4","Dec",0.6188,FALSE
"EC-1496",2026-02-16,"CUST-128","Sofia Allen","Modern Sofa","Furniture",2,74500,149000,29280.05,"Nashville","Tennessee","South",2026,2,"Q1","Feb",0.1965,FALSE
"EC-1497",2024-05-20,"CUST-135","Owen Scott","Modern Sofa","Furniture",1,74500,74500,10391.26,"Dallas","Texas","Central",2024,5,"Q2","May",0.1395,FALSE
"EC-1498",2025-07-27,"CUST-150","Zoe Edwards","Dell XPS 15","Electronics",5,124000,620000,181043.6,"Seattle","Washington","West",2025,7,"Q3","Jul",0.292,TRUE
"EC-1499",2026-05-19,"CUST-103","Michael Johnson","Denim Jeans","Clothing",2,4900,9800,4270.04,"New York","New York","East",2026,5,"Q2","May",0.4357,FALSE
"EC-1500",2026-02-07,"CUST-147","Daniel Campbell","Heavy Duty Stapler","Office Supplies",2,1800,3600,1523.46,"San Francisco","California","West",2026,2,"Q1","Feb",0.4232,FALSE
"EC-1501",2024-09-23,"CUST-112","Mia Thomas","Sony WH-1000XM5","Electronics",4,33000,132000,31042.11,"Los Angeles","California","West",2024,9,"Q3","Sep",0.2352,FALSE
"EC-1502",2024-12-30,"CUST-147","Daniel Campbell","Sony WH-1000XM5","Electronics",2,33000,66000,20224.43,"Boston","Massachusetts","East",2024,12,"Q4","Dec",0.3064,FALSE
"EC-1503",2026-03-04,"CUST-135","Owen Scott","Denim Jeans","Clothing",1,4900,4900,2013.42,"Boston","Massachusetts","East",2026,3,"Q1","Mar",0.4109,FALSE
"EC-1504",2026-01-31,"CUST-131","Jack King","Modern Sofa","Furniture",2,74500,149000,-1349.71,"Los Angeles","California","West",2026,1,"Q1","Jan",-0.0091,FALSE
"EC-1505",2025-08-08,"CUST-120","Evelyn Harris","Solid Oak Dining Table","Furniture",2,66000,132000,19836.48,"San Francisco","California","West",2025,8,"Q3","Aug",0.1503,FALSE
"EC-1506",2024-05-02,"CUST-123","David Rodriguez","Gel Pen Set (12-pack)","Office Supplies",1,900,900,404.95,"Los Angeles","California","West",2024,5,"Q2","May",0.4499,FALSE
"EC-1507",2025-05-07,"CUST-138","Chloe Baker","Heavy Duty Stapler","Office Supplies",1,1800,1800,985.37,"Houston","Texas","Central",2025,5,"Q2","May",0.5474,FALSE
"EC-1508",2026-04-26,"CUST-110","Isabella Wilson","Gel Pen Set (12-pack)","Office Supplies",1,900,900,467.85,"Dallas","Texas","Central",2026,4,"Q2","Apr",0.5198,FALSE
"EC-1509",2024-12-02,"CUST-126","Avery Walker","Denim Jeans","Clothing",2,4900,9800,2768.26,"Los Angeles","California","West",2024,12,"Q4","Dec",0.2825,FALSE
"EC-1510",2025-01-01,"CUST-131","Jack King","Denim Jeans","Clothing",4,4900,19600,8168.55,"San Francisco","California","West",2025,1,"Q1","Jan",0.4168,FALSE
"EC-1511",2024-04-09,"CUST-138","Chloe Baker","Cotton Slim Fit T-Shirt","Clothing",5,2000,10000,4090.75,"Nashville","Tennessee","South",2024,4,"Q2","Apr",0.4091,FALSE
"EC-1512",2025-12-10,"CUST-143","Wyatt Perez","Dell XPS 15","Electronics",1,124000,124000,27918.71,"New York","New York","East",2025,12,"Q4","Dec",0.2252,FALSE
"EC-1513",2025-04-02,"CUST-101","John Doe","Ergonomic Office Chair","Furniture",5,20500,102500,17784.34,"Chicago","Illinois","Central",2025,4,"Q2","Apr",0.1735,FALSE
"EC-1514",2025-08-25,"CUST-142","Penelope Mitchell","Solid Oak Dining Table","Furniture",1,66000,66000,673.87,"San Francisco","California","West",2025,8,"Q3","Aug",0.0102,FALSE
"EC-1515",2024-07-30,"CUST-135","Owen Scott","Cotton Slim Fit T-Shirt","Clothing",1,2000,2000,821.46,"Chicago","Illinois","Central",2024,7,"Q3","Jul",0.4107,FALSE
"EC-1516",2025-05-18,"CUST-113","Alexander Taylor","Waterproof Leather Jacket","Clothing",2,14900,29800,13309.54,"Los Angeles","California","West",2025,5,"Q2","May",0.4466,FALSE
"EC-1517",2024-10-07,"CUST-105","William Brown","Modern Sofa","Furniture",3,74500,223500,20729.55,"Philadelphia","Pennsylvania","East",2024,10,"Q4","Oct",0.0927,TRUE
"EC-1518",2025-05-25,"CUST-142","Penelope Mitchell","Gel Pen Set (12-pack)","Office Supplies",1,900,900,541.78,"San Francisco","California","West",2025,5,"Q2","May",0.602,FALSE
"EC-1519",2025-06-19,"CUST-148","Nora Parker","LED Desk Lamp","Furniture",4,4000,16000,-49.48,"Los Angeles","California","West",2025,6,"Q2","Jun",-0.0031,FALSE
"EC-1521",2026-05-25,"CUST-127","Jackson Hall","iPhone 15 Pro","Electronics",3,82900,248700,83380.56,"Atlanta","Georgia","South",2026,5,"Q2","May",0.3353,TRUE
"EC-1522",2025-06-11,"CUST-127","Jackson Hall","Heavy Duty Stapler","Office Supplies",1,1800,1800,1130.43,"New York","New York","East",2025,6,"Q2","Jun",0.628,FALSE
"EC-1523",2026-01-24,"CUST-133","Luke Lopez","Cotton Slim Fit T-Shirt","Clothing",1,2000,2000,519.7,"Miami","Florida","South",2026,1,"Q1","Jan",0.2599,FALSE
"EC-1524",2024-01-03,"CUST-132","Scarlett Wright","Solid Oak Dining Table","Furniture",3,66000,198000,-13712.71,"Chicago","Illinois","Central",2024,1,"Q1","Jan",-0.0693,TRUE
"EC-1525",2026-04-03,"CUST-101","John Doe","Ergonomic Office Chair","Furniture",3,20500,61500,-3187.73,"Dallas","Texas","Central",2026,4,"Q2","Apr",-0.0518,FALSE
"EC-1526",2024-08-11,"CUST-132","Scarlett Wright","Ergonomic Office Chair","Furniture",2,20500,41000,9878.19,"Dallas","Texas","Central",2024,8,"Q3","Aug",0.2409,FALSE
"EC-1527",2024-05-28,"CUST-143","Wyatt Perez","Premium Notebook Pack","Office Supplies",1,1200,1200,754.79,"Nashville","Tennessee","South",2024,5,"Q2","May",0.629,FALSE
"EC-1528",2026-01-12,"CUST-114","Charlotte Moore","Modern Sofa","Furniture",1,74500,74500,12485.47,"Houston","Texas","Central",2026,1,"Q1","Jan",0.1676,FALSE
"EC-1529",2024-07-13,"CUST-133","Luke Lopez","Ergonomic Office Chair","Furniture",2,20500,41000,-3223.24,"New York","New York","East",2024,7,"Q3","Jul",-0.0786,FALSE
"EC-1530",2025-06-05,"CUST-120","Evelyn Harris","Gel Pen Set (12-pack)","Office Supplies",3,900,2700,1235.67,"San Francisco","California","West",2025,6,"Q2","Jun",0.4577,FALSE
"EC-1531",2024-12-06,"CUST-103","Michael Johnson","Dry Erase Whiteboard","Office Supplies",4,3700,14800,8767.68,"New York","New York","East",2024,12,"Q4","Dec",0.5924,FALSE
"EC-1532",2025-10-08,"CUST-103","Michael Johnson","Denim Jeans","Clothing",5,4900,24500,6248.23,"Seattle","Washington","West",2025,10,"Q4","Oct",0.255,FALSE
"EC-1533",2025-10-20,"CUST-149","Julian Evans","Heavy Duty Stapler","Office Supplies",1,1800,1800,1154.26,"Seattle","Washington","West",2025,10,"Q4","Oct",0.6413,FALSE
"EC-1534",2024-10-27,"CUST-123","David Rodriguez","Waterproof Leather Jacket","Clothing",1,14900,14900,5268.48,"Houston","Texas","Central",2024,10,"Q4","Oct",0.3536,FALSE
"EC-1535",2024-06-18,"CUST-146","Lillian Phillips","Heavy Duty Stapler","Office Supplies",1,1800,1800,739.74,"Boston","Massachusetts","East",2024,6,"Q2","Jun",0.411,FALSE
"EC-1536",2025-01-09,"CUST-133","Luke Lopez","Waterproof Leather Jacket","Clothing",1,14900,14900,5352.4,"San Francisco","California","West",2025,1,"Q1","Jan",0.3592,FALSE
"EC-1537",2025-11-16,"CUST-106","Olivia Jones","Waterproof Leather Jacket","Clothing",1,14900,14900,6423.09,"Los Angeles","California","West",2025,11,"Q4","Nov",0.4311,FALSE
"EC-1538",2025-02-11,"CUST-106","Olivia Jones","Ergonomic Office Chair","Furniture",1,20500,20500,4516.27,"Houston","Texas","Central",2025,2,"Q1","Feb",0.2203,FALSE
"EC-1539",2026-05-10,"CUST-114","Charlotte Moore","Cotton Slim Fit T-Shirt","Clothing",2,2000,4000,2120.96,"Philadelphia","Pennsylvania","East",2026,5,"Q2","May",0.5302,FALSE
"EC-1540",2025-05-18,"CUST-149","Julian Evans","Premium Notebook Pack","Office Supplies",4,1200,4800,2611.15,"Los Angeles","California","West",2025,5,"Q2","May",0.544,FALSE
"EC-1541",2024-06-06,"CUST-120","Evelyn Harris","Cotton Slim Fit T-Shirt","Clothing",4,2000,8000,3345.39,"Dallas","Texas","Central",2024,6,"Q2","Jun",0.4182,FALSE
"EC-1542",2025-09-10,"CUST-108","Sophia Martinez","Gel Pen Set (12-pack)","Office Supplies",2,900,1800,648.52,"Chicago","Illinois","Central",2025,9,"Q3","Sep",0.3603,FALSE
"EC-1543",2024-08-14,"CUST-109","Benjamin Miller","Sony WH-1000XM5","Electronics",1,33000,33000,9928.46,"Dallas","Texas","Central",2024,8,"Q3","Aug",0.3009,FALSE
"EC-1544",2025-07-07,"CUST-136","Victoria Green","Dell XPS 15","Electronics",1,124000,124000,32204.57,"New York","New York","East",2025,7,"Q3","Jul",0.2597,FALSE
"EC-1545",2026-01-24,"CUST-139","Carter Gonzalez","iPad Air","Electronics",4,49000,196000,24180.64,"Dallas","Texas","Central",2026,1,"Q1","Jan",0.1234,TRUE
"EC-1546",2024-04-07,"CUST-136","Victoria Green","Modern Sofa","Furniture",1,74500,74500,-6022.89,"Houston","Texas","Central",2024,4,"Q2","Apr",-0.0808,FALSE
"EC-1547",2025-02-26,"CUST-115","Ethan Jackson","Running Shoes","Clothing",1,9900,9900,5406.6,"Chicago","Illinois","Central",2025,2,"Q1","Feb",0.5461,FALSE
"EC-1548",2026-03-30,"CUST-107","James Garcia","LED Desk Lamp","Furniture",3,4000,12000,-1586.49,"Boston","Massachusetts","East",2026,3,"Q1","Mar",-0.1322,FALSE
"EC-1549",2024-07-31,"CUST-129","Sebastian Young","Sony WH-1000XM5","Electronics",2,33000,66000,8480.4,"Miami","Florida","South",2024,7,"Q3","Jul",0.1285,FALSE
"EC-1550",2024-11-04,"CUST-115","Ethan Jackson","Gel Pen Set (12-pack)","Office Supplies",2,900,1800,1073.32,"Seattle","Washington","West",2024,11,"Q4","Nov",0.5963,FALSE
"EC-1551",2025-03-02,"CUST-130","Ella Hernandez","Denim Jeans","Clothing",1,4900,4900,1767.99,"Boston","Massachusetts","East",2025,3,"Q1","Mar",0.3608,FALSE
"EC-1552",2025-11-13,"CUST-116","Amelia Martin","iPhone 15 Pro","Electronics",1,82900,82900,23796.65,"Houston","Texas","Central",2025,11,"Q4","Nov",0.2871,FALSE
"EC-1553",2026-02-04,"CUST-145","Matthew Turner","Premium Notebook Pack","Office Supplies",3,1200,3600,1385.26,"Atlanta","Georgia","South",2026,2,"Q1","Feb",0.3848,FALSE
"EC-1554",2024-01-26,"CUST-117","Daniel Lee","Cotton Slim Fit T-Shirt","Clothing",1,2000,2000,706.74,"Dallas","Texas","Central",2024,1,"Q1","Jan",0.3534,FALSE
"EC-1555",2024-04-06,"CUST-147","Daniel Campbell","Ergonomic Office Chair","Furniture",3,20500,61500,9048.68,"Atlanta","Georgia","South",2024,4,"Q2","Apr",0.1471,FALSE
"EC-1556",2024-04-26,"CUST-101","John Doe","Heavy Duty Stapler","Office Supplies",2,1800,3600,2258.68,"Atlanta","Georgia","South",2024,4,"Q2","Apr",0.6274,FALSE
"EC-1557",2025-10-07,"CUST-119","Matthew White","iPhone 15 Pro","Electronics",2,82900,165800,53597.71,"Los Angeles","California","West",2025,10,"Q4","Oct",0.3233,TRUE
"EC-1558",2026-04-05,"CUST-108","Sophia Martinez","Sony WH-1000XM5","Electronics",2,33000,66000,13649.57,"San Francisco","California","West",2026,4,"Q2","Apr",0.2068,FALSE
"EC-1559",2026-03-01,"CUST-148","Nora Parker","Dell XPS 15","Electronics",1,124000,124000,42336.34,"Chicago","Illinois","Central",2026,3,"Q1","Mar",0.3414,TRUE
"EC-1560",2025-02-28,"CUST-146","Lillian Phillips","iPad Air","Electronics",1,49000,49000,6397.94,"Boston","Massachusetts","East",2025,2,"Q1","Feb",0.1306,FALSE
"EC-1561",2024-09-08,"CUST-111","Lucas Anderson","LED Desk Lamp","Furniture",4,4000,16000,-1453.94,"Los Angeles","California","West",2024,9,"Q3","Sep",-0.0909,FALSE
"EC-1562",2025-03-19,"CUST-110","Isabella Wilson","Modern Sofa","Furniture",3,74500,223500,39679.27,"Boston","Massachusetts","East",2025,3,"Q1","Mar",0.1775,TRUE
"EC-1563",2025-11-15,"CUST-147","Daniel Campbell","Denim Jeans","Clothing",1,4900,4900,2654.71,"Philadelphia","Pennsylvania","East",2025,11,"Q4","Nov",0.5418,FALSE
"EC-1564",2025-04-10,"CUST-127","Jackson Hall","Sony WH-1000XM5","Electronics",1,33000,33000,5856.27,"Philadelphia","Pennsylvania","East",2025,4,"Q2","Apr",0.1775,FALSE
"EC-1565",2026-01-20,"CUST-128","Sofia Allen","Cotton Slim Fit T-Shirt","Clothing",2,2000,4000,1751.25,"Los Angeles","California","West",2026,1,"Q1","Jan",0.4378,FALSE
"EC-1566",2024-03-25,"CUST-150","Zoe Edwards","Denim Jeans","Clothing",4,4900,19600,7700.72,"Houston","Texas","Central",2024,3,"Q1","Mar",0.3929,FALSE
"EC-1567",2024-02-02,"CUST-102","Jane Smith","Running Shoes","Clothing",1,9900,9900,3204.18,"Philadelphia","Pennsylvania","East",2024,2,"Q1","Feb",0.3237,FALSE
"EC-1568",2024-04-13,"CUST-126","Avery Walker","Waterproof Leather Jacket","Clothing",2,14900,29800,9040.79,"Los Angeles","California","West",2024,4,"Q2","Apr",0.3034,FALSE
"EC-1569",2025-11-15,"CUST-108","Sophia Martinez","Running Shoes","Clothing",3,9900,29700,14683.61,"Atlanta","Georgia","South",2025,11,"Q4","Nov",0.4944,FALSE
"EC-1570",2025-02-01,"CUST-130","Ella Hernandez","Dry Erase Whiteboard","Office Supplies",4,3700,14800,5606.41,"Atlanta","Georgia","South",2025,2,"Q1","Feb",0.3788,FALSE
"EC-1571",2024-05-09,"CUST-128","Sofia Allen","Premium Notebook Pack","Office Supplies",1,1200,1200,734.48,"Chicago","Illinois","Central",2024,5,"Q2","May",0.6121,FALSE
"EC-1572",2024-10-27,"CUST-116","Amelia Martin","Dell XPS 15","Electronics",1,124000,124000,34004.09,"Dallas","Texas","Central",2024,10,"Q4","Oct",0.2742,FALSE
"EC-1573",2024-09-12,"CUST-132","Scarlett Wright","Modern Sofa","Furniture",2,74500,149000,-17052.23,"New York","New York","East",2024,9,"Q3","Sep",-0.1144,FALSE
"EC-1574",2024-05-05,"CUST-123","David Rodriguez","Ergonomic Office Chair","Furniture",3,20500,61500,-4688.52,"Miami","Florida","South",2024,5,"Q2","May",-0.0762,FALSE
"EC-1575",2025-06-30,"CUST-137","Gabriel Adams","Running Shoes","Clothing",4,9900,39600,10926.19,"Miami","Florida","South",2025,6,"Q2","Jun",0.2759,FALSE
"EC-1576",2024-06-04,"CUST-146","Lillian Phillips","Modern Sofa","Furniture",4,74500,298000,-9648.45,"Philadelphia","Pennsylvania","East",2024,6,"Q2","Jun",-0.0324,TRUE
"EC-1577",2025-07-10,"CUST-107","James Garcia","Waterproof Leather Jacket","Clothing",5,14900,74500,31229.04,"Nashville","Tennessee","South",2025,7,"Q3","Jul",0.4192,FALSE
"EC-1578",2024-05-23,"CUST-137","Gabriel Adams","Solid Oak Dining Table","Furniture",2,66000,132000,20617.99,"Houston","Texas","Central",2024,5,"Q2","May",0.1562,FALSE
"EC-1579",2025-04-08,"CUST-112","Mia Thomas","Running Shoes","Clothing",1,9900,9900,4491.9,"Atlanta","Georgia","South",2025,4,"Q2","Apr",0.4537,FALSE
"EC-1580",2024-08-24,"CUST-106","Olivia Jones","Solid Oak Dining Table","Furniture",1,66000,66000,-9762.78,"Nashville","Tennessee","South",2024,8,"Q3","Aug",-0.1479,FALSE
"EC-1581",2024-05-15,"CUST-130","Ella Hernandez","Sony WH-1000XM5","Electronics",3,33000,99000,20240.78,"Miami","Florida","South",2024,5,"Q2","May",0.2045,FALSE
"EC-1582",2024-09-05,"CUST-117","Daniel Lee","Gel Pen Set (12-pack)","Office Supplies",2,900,1800,724.13,"Atlanta","Georgia","South",2024,9,"Q3","Sep",0.4023,FALSE
"EC-1583",2026-02-03,"CUST-148","Nora Parker","Cotton Slim Fit T-Shirt","Clothing",4,2000,8000,2631.8,"San Francisco","California","West",2026,2,"Q1","Feb",0.329,FALSE
"EC-1584",2025-05-17,"CUST-123","David Rodriguez","iPhone 15 Pro","Electronics",1,82900,82900,27812.58,"Los Angeles","California","West",2025,5,"Q2","May",0.3355,FALSE
"EC-1585",2025-09-05,"CUST-137","Gabriel Adams","iPhone 15 Pro","Electronics",1,82900,82900,26741.68,"Houston","Texas","Central",2025,9,"Q3","Sep",0.3226,FALSE
"EC-1586",2024-04-11,"CUST-138","Chloe Baker","Denim Jeans","Clothing",1,4900,4900,1956.84,"Philadelphia","Pennsylvania","East",2024,4,"Q2","Apr",0.3994,FALSE
"EC-1587",2026-06-08,"CUST-128","Sofia Allen","iPad Air","Electronics",3,49000,147000,49732.97,"New York","New York","East",2026,6,"Q2","Jun",0.3383,TRUE
"EC-1588",2024-04-04,"CUST-137","Gabriel Adams","LED Desk Lamp","Furniture",1,4000,4000,-526.13,"Chicago","Illinois","Central",2024,4,"Q2","Apr",-0.1315,FALSE
"EC-1589",2024-09-12,"CUST-101","John Doe","Gel Pen Set (12-pack)","Office Supplies",1,900,900,433.45,"Dallas","Texas","Central",2024,9,"Q3","Sep",0.4816,FALSE
"EC-1590",2024-08-20,"CUST-122","Abigail Clark","Cotton Slim Fit T-Shirt","Clothing",2,2000,4000,1576.35,"Miami","Florida","South",2024,8,"Q3","Aug",0.3941,FALSE
"EC-1591",2025-06-05,"CUST-121","Logan Martin","Modern Sofa","Furniture",2,74500,149000,28354.7,"Houston","Texas","Central",2025,6,"Q2","Jun",0.1903,FALSE
"EC-1592",2025-01-13,"CUST-118","Harper Thompson","Dry Erase Whiteboard","Office Supplies",5,3700,18500,9350.69,"Atlanta","Georgia","South",2025,1,"Q1","Jan",0.5054,FALSE
"EC-1593",2024-07-06,"CUST-101","John Doe","Dry Erase Whiteboard","Office Supplies",1,3700,3700,1615.84,"Houston","Texas","Central",2024,7,"Q3","Jul",0.4367,FALSE
"EC-1594",2024-11-26,"CUST-138","Chloe Baker","Ergonomic Office Chair","Furniture",2,20500,41000,-2559.83,"Houston","Texas","Central",2024,11,"Q4","Nov",-0.0624,FALSE
"EC-1595",2024-06-09,"CUST-143","Wyatt Perez","Modern Sofa","Furniture",2,74500,149000,-2040.28,"Boston","Massachusetts","East",2024,6,"Q2","Jun",-0.0137,FALSE
"EC-1596",2024-08-01,"CUST-112","Mia Thomas","Premium Notebook Pack","Office Supplies",1,1200,1200,508.76,"New York","New York","East",2024,8,"Q3","Aug",0.424,FALSE
"EC-1597",2024-09-27,"CUST-135","Owen Scott","Gel Pen Set (12-pack)","Office Supplies",1,900,900,520.31,"Chicago","Illinois","Central",2024,9,"Q3","Sep",0.5781,FALSE
"EC-1598",2024-03-08,"CUST-129","Sebastian Young","Cotton Slim Fit T-Shirt","Clothing",3,2000,6000,2371.98,"Seattle","Washington","West",2024,3,"Q1","Mar",0.3953,FALSE
"EC-1599",2026-04-07,"CUST-147","Daniel Campbell","Dell XPS 15","Electronics",4,124000,496000,124932.07,"Dallas","Texas","Central",2026,4,"Q2","Apr",0.2519,TRUE
"EC-1600",2025-09-06,"CUST-146","Lillian Phillips","Running Shoes","Clothing",3,9900,29700,14548.31,"Seattle","Washington","West",2025,9,"Q3","Sep",0.4898,FALSE
"EC-1601",2025-05-05,"CUST-131","Jack King","Cotton Slim Fit T-Shirt","Clothing",5,2000,10000,4065.85,"Houston","Texas","Central",2025,5,"Q2","May",0.4066,FALSE
"EC-1602",2024-05-17,"CUST-101","John Doe","Dry Erase Whiteboard","Office Supplies",2,3700,7400,3034.13,"Chicago","Illinois","Central",2024,5,"Q2","May",0.41,FALSE
"EC-1603",2025-12-12,"CUST-124","Elizabeth Lewis","Sony WH-1000XM5","Electronics",1,33000,33000,4808.28,"Nashville","Tennessee","South",2025,12,"Q4","Dec",0.1457,FALSE
"EC-1604",2024-08-10,"CUST-149","Julian Evans","iPhone 15 Pro","Electronics",1,82900,82900,24497.55,"Houston","Texas","Central",2024,8,"Q3","Aug",0.2955,FALSE
"EC-1605",2024-12-20,"CUST-103","Michael Johnson","Waterproof Leather Jacket","Clothing",4,14900,59600,24704.96,"Los Angeles","California","West",2024,12,"Q4","Dec",0.4145,FALSE
"EC-1606",2025-11-15,"CUST-101","John Doe","Solid Oak Dining Table","Furniture",3,66000,198000,-27251.27,"Seattle","Washington","West",2025,11,"Q4","Nov",-0.1376,TRUE
"EC-1607",2024-03-24,"CUST-145","Matthew Turner","Premium Notebook Pack","Office Supplies",1,1200,1200,506.15,"Los Angeles","California","West",2024,3,"Q1","Mar",0.4218,FALSE
"EC-1608",2025-11-25,"CUST-102","Jane Smith","Gel Pen Set (12-pack)","Office Supplies",3,900,2700,1736.17,"Miami","Florida","South",2025,11,"Q4","Nov",0.643,FALSE
"EC-1609",2024-04-29,"CUST-113","Alexander Taylor","Heavy Duty Stapler","Office Supplies",3,1800,5400,2223.11,"Nashville","Tennessee","South",2024,4,"Q2","Apr",0.4117,FALSE
"EC-1610",2025-11-18,"CUST-143","Wyatt Perez","Premium Notebook Pack","Office Supplies",2,1200,2400,1401.36,"New York","New York","East",2025,11,"Q4","Nov",0.5839,FALSE
"EC-1611",2024-01-08,"CUST-106","Olivia Jones","Cotton Slim Fit T-Shirt","Clothing",1,2000,2000,1068.81,"Philadelphia","Pennsylvania","East",2024,1,"Q1","Jan",0.5344,FALSE
"EC-1612",2026-05-13,"CUST-138","Chloe Baker","Cotton Slim Fit T-Shirt","Clothing",5,2000,10000,3300.32,"Chicago","Illinois","Central",2026,5,"Q2","May",0.33,FALSE
"EC-1613",2024-04-14,"CUST-122","Abigail Clark","iPad Air","Electronics",3,49000,147000,21477.55,"Los Angeles","California","West",2024,4,"Q2","Apr",0.1461,FALSE
"EC-1614",2024-06-24,"CUST-107","James Garcia","Cotton Slim Fit T-Shirt","Clothing",5,2000,10000,3876.24,"Seattle","Washington","West",2024,6,"Q2","Jun",0.3876,FALSE
"EC-1615",2025-08-09,"CUST-112","Mia Thomas","Gel Pen Set (12-pack)","Office Supplies",4,900,3600,1578.84,"Miami","Florida","South",2025,8,"Q3","Aug",0.4386,FALSE
"EC-1616",2024-05-20,"CUST-129","Sebastian Young","Gel Pen Set (12-pack)","Office Supplies",1,900,900,344.4,"Los Angeles","California","West",2024,5,"Q2","May",0.3827,FALSE
"EC-1617",2024-04-12,"CUST-101","John Doe","Heavy Duty Stapler","Office Supplies",1,1800,1800,641.24,"Dallas","Texas","Central",2024,4,"Q2","Apr",0.3562,FALSE
"EC-1618",2025-06-13,"CUST-113","Alexander Taylor","Modern Sofa","Furniture",2,74500,149000,-11894.15,"Los Angeles","California","West",2025,6,"Q2","Jun",-0.0798,FALSE
"EC-1619",2026-05-20,"CUST-131","Jack King","Sony WH-1000XM5","Electronics",1,33000,33000,5334.06,"New York","New York","East",2026,5,"Q2","May",0.1616,FALSE
"EC-1620",2024-12-06,"CUST-135","Owen Scott","Heavy Duty Stapler","Office Supplies",1,1800,1800,963.16,"San Francisco","California","West",2024,12,"Q4","Dec",0.5351,FALSE
"EC-1621",2024-05-12,"CUST-125","Joseph Lee","Ergonomic Office Chair","Furniture",3,20500,61500,-2985.32,"Philadelphia","Pennsylvania","East",2024,5,"Q2","May",-0.0485,FALSE
"EC-1622",2025-06-26,"CUST-140","Camila Nelson","Modern Sofa","Furniture",1,74500,74500,-10594.38,"Los Angeles","California","West",2025,6,"Q2","Jun",-0.1422,FALSE
"EC-1623",2024-11-07,"CUST-125","Joseph Lee","Running Shoes","Clothing",3,9900,29700,14820.02,"Philadelphia","Pennsylvania","East",2024,11,"Q4","Nov",0.499,FALSE
"EC-1624",2025-06-15,"CUST-115","Ethan Jackson","iPad Air","Electronics",1,49000,49000,14342.37,"Boston","Massachusetts","East",2025,6,"Q2","Jun",0.2927,FALSE
"EC-1625",2025-12-22,"CUST-137","Gabriel Adams","iPad Air","Electronics",1,49000,49000,9614.35,"Chicago","Illinois","Central",2025,12,"Q4","Dec",0.1962,FALSE
"EC-1626",2024-04-12,"CUST-111","Lucas Anderson","Denim Jeans","Clothing",2,4900,9800,4797.68,"Atlanta","Georgia","South",2024,4,"Q2","Apr",0.4896,FALSE
"EC-1627",2026-01-22,"CUST-145","Matthew Turner","Cotton Slim Fit T-Shirt","Clothing",2,2000,4000,2057.03,"Dallas","Texas","Central",2026,1,"Q1","Jan",0.5143,FALSE
"EC-1628",2025-12-07,"CUST-147","Daniel Campbell","Running Shoes","Clothing",5,9900,49500,20522.41,"Chicago","Illinois","Central",2025,12,"Q4","Dec",0.4146,FALSE
"EC-1629",2026-01-21,"CUST-146","Lillian Phillips","Gel Pen Set (12-pack)","Office Supplies",1,900,900,574.69,"Chicago","Illinois","Central",2026,1,"Q1","Jan",0.6385,FALSE
"EC-1630",2024-09-20,"CUST-124","Elizabeth Lewis","iPad Air","Electronics",1,49000,49000,8306.15,"Los Angeles","California","West",2024,9,"Q3","Sep",0.1695,FALSE
"EC-1631",2024-10-01,"CUST-119","Matthew White","Dry Erase Whiteboard","Office Supplies",1,3700,3700,1707.45,"Seattle","Washington","West",2024,10,"Q4","Oct",0.4615,FALSE
"EC-1632",2024-04-23,"CUST-135","Owen Scott","Heavy Duty Stapler","Office Supplies",2,1800,3600,2055.79,"Miami","Florida","South",2024,4,"Q2","Apr",0.5711,FALSE
"EC-1633",2024-09-22,"CUST-133","Luke Lopez","Dry Erase Whiteboard","Office Supplies",2,3700,7400,3689.82,"San Francisco","California","West",2024,9,"Q3","Sep",0.4986,FALSE
"EC-1634",2024-07-25,"CUST-145","Matthew Turner","iPad Air","Electronics",3,49000,147000,31821.7,"Chicago","Illinois","Central",2024,7,"Q3","Jul",0.2165,FALSE
"EC-1635",2026-04-08,"CUST-141","Henry Carter","Denim Jeans","Clothing",5,4900,24500,8408.71,"Seattle","Washington","West",2026,4,"Q2","Apr",0.3432,FALSE
"EC-1636",2024-09-24,"CUST-149","Julian Evans","Modern Sofa","Furniture",2,74500,149000,34992.05,"Nashville","Tennessee","South",2024,9,"Q3","Sep",0.2348,TRUE
"EC-1637",2024-06-11,"CUST-148","Nora Parker","Waterproof Leather Jacket","Clothing",3,14900,44700,22594.93,"Boston","Massachusetts","East",2024,6,"Q2","Jun",0.5055,FALSE
"EC-1638",2025-11-22,"CUST-125","Joseph Lee","LED Desk Lamp","Furniture",3,4000,12000,1524.68,"Nashville","Tennessee","South",2025,11,"Q4","Nov",0.1271,FALSE
"EC-1639",2025-09-15,"CUST-117","Daniel Lee","Denim Jeans","Clothing",2,4900,9800,3705.56,"Boston","Massachusetts","East",2025,9,"Q3","Sep",0.3781,FALSE
"EC-1640",2024-02-01,"CUST-139","Carter Gonzalez","Ergonomic Office Chair","Furniture",1,20500,20500,4867.14,"Chicago","Illinois","Central",2024,2,"Q1","Feb",0.2374,FALSE
"EC-1641",2025-12-01,"CUST-112","Mia Thomas","Ergonomic Office Chair","Furniture",3,20500,61500,-5603.55,"Los Angeles","California","West",2025,12,"Q4","Dec",-0.0911,FALSE
"EC-1642",2025-07-19,"CUST-111","Lucas Anderson","Denim Jeans","Clothing",1,4900,4900,1623.52,"Seattle","Washington","West",2025,7,"Q3","Jul",0.3313,FALSE
"EC-1643",2025-05-04,"CUST-144","Layla Roberts","Gel Pen Set (12-pack)","Office Supplies",2,900,1800,864.39,"Seattle","Washington","West",2025,5,"Q2","May",0.4802,FALSE
"EC-1644",2025-02-21,"CUST-143","Wyatt Perez","Dell XPS 15","Electronics",1,124000,124000,39850.86,"Los Angeles","California","West",2025,2,"Q1","Feb",0.3214,TRUE
"EC-1645",2025-05-02,"CUST-105","William Brown","Waterproof Leather Jacket","Clothing",3,14900,44700,20112.19,"Nashville","Tennessee","South",2025,5,"Q2","May",0.4499,FALSE
"EC-1646",2025-10-02,"CUST-113","Alexander Taylor","Heavy Duty Stapler","Office Supplies",1,1800,1800,1080.26,"Boston","Massachusetts","East",2025,10,"Q4","Oct",0.6001,FALSE
"EC-1647",2025-04-05,"CUST-132","Scarlett Wright","Waterproof Leather Jacket","Clothing",1,14900,14900,3973.58,"New York","New York","East",2025,4,"Q2","Apr",0.2667,FALSE
"EC-1648",2025-06-02,"CUST-121","Logan Martin","Gel Pen Set (12-pack)","Office Supplies",3,900,2700,1542.81,"Miami","Florida","South",2025,6,"Q2","Jun",0.5714,FALSE
"EC-1649",2024-07-21,"CUST-137","Gabriel Adams","Premium Notebook Pack","Office Supplies",3,1200,3600,2024.46,"Miami","Florida","South",2024,7,"Q3","Jul",0.5624,FALSE
"EC-1650",2024-01-11,"CUST-119","Matthew White","Ergonomic Office Chair","Furniture",1,20500,20500,4811.9,"Miami","Florida","South",2024,1,"Q1","Jan",0.2347,FALSE
"EC-1651",2025-08-11,"CUST-127","Jackson Hall","Modern Sofa","Furniture",3,74500,223500,42313.27,"New York","New York","East",2025,8,"Q3","Aug",0.1893,TRUE
"EC-1652",2025-09-04,"CUST-127","Jackson Hall","iPad Air","Electronics",2,49000,98000,31610.16,"Atlanta","Georgia","South",2025,9,"Q3","Sep",0.3226,FALSE
"EC-1653",2026-01-07,"CUST-142","Penelope Mitchell","Premium Notebook Pack","Office Supplies",3,1200,3600,1632.49,"Seattle","Washington","West",2026,1,"Q1","Jan",0.4535,FALSE
"EC-1654",2024-05-22,"CUST-147","Daniel Campbell","Cotton Slim Fit T-Shirt","Clothing",3,2000,6000,3056.08,"New York","New York","East",2024,5,"Q2","May",0.5093,FALSE
"EC-1655",2024-02-06,"CUST-102","Jane Smith","Premium Notebook Pack","Office Supplies",2,1200,2400,1136.08,"Miami","Florida","South",2024,2,"Q1","Feb",0.4734,FALSE
"EC-1656",2025-02-01,"CUST-145","Matthew Turner","LED Desk Lamp","Furniture",2,4000,8000,1730.35,"Nashville","Tennessee","South",2025,2,"Q1","Feb",0.2163,FALSE
"EC-1657",2025-04-29,"CUST-127","Jackson Hall","Ergonomic Office Chair","Furniture",4,20500,82000,-8840.64,"Chicago","Illinois","Central",2025,4,"Q2","Apr",-0.1078,FALSE
"EC-1658",2024-09-12,"CUST-112","Mia Thomas","Heavy Duty Stapler","Office Supplies",2,1800,3600,1515.53,"Houston","Texas","Central",2024,9,"Q3","Sep",0.421,FALSE
"EC-1659",2024-12-11,"CUST-104","Emily Davis","Solid Oak Dining Table","Furniture",1,66000,66000,-2836.81,"Seattle","Washington","West",2024,12,"Q4","Dec",-0.043,FALSE
"EC-1660",2025-11-19,"CUST-128","Sofia Allen","Dell XPS 15","Electronics",1,124000,124000,36396.49,"Philadelphia","Pennsylvania","East",2025,11,"Q4","Nov",0.2935,TRUE
"EC-1661",2025-02-15,"CUST-107","James Garcia","Gel Pen Set (12-pack)","Office Supplies",1,900,900,545.97,"Los Angeles","California","West",2025,2,"Q1","Feb",0.6066,FALSE
"EC-1662",2025-12-22,"CUST-131","Jack King","iPhone 15 Pro","Electronics",4,82900,331600,108251.62,"Philadelphia","Pennsylvania","East",2025,12,"Q4","Dec",0.3265,TRUE
"EC-1663",2026-04-06,"CUST-128","Sofia Allen","Running Shoes","Clothing",1,9900,9900,3924.86,"Seattle","Washington","West",2026,4,"Q2","Apr",0.3965,FALSE
"EC-1664",2025-09-21,"CUST-145","Matthew Turner","iPad Air","Electronics",2,49000,98000,12449.66,"Miami","Florida","South",2025,9,"Q3","Sep",0.127,FALSE
"EC-1665",2024-09-29,"CUST-113","Alexander Taylor","Dell XPS 15","Electronics",4,124000,496000,110532.86,"Philadelphia","Pennsylvania","East",2024,9,"Q3","Sep",0.2228,TRUE
"EC-1666",2024-02-08,"CUST-126","Avery Walker","Heavy Duty Stapler","Office Supplies",2,1800,3600,2225.52,"Atlanta","Georgia","South",2024,2,"Q1","Feb",0.6182,FALSE
"EC-1667",2025-02-21,"CUST-148","Nora Parker","Running Shoes","Clothing",3,9900,29700,7884.56,"Boston","Massachusetts","East",2025,2,"Q1","Feb",0.2655,FALSE
"EC-1668",2024-07-22,"CUST-110","Isabella Wilson","Ergonomic Office Chair","Furniture",3,20500,61500,-5764.44,"Atlanta","Georgia","South",2024,7,"Q3","Jul",-0.0937,FALSE
"EC-1669",2024-08-09,"CUST-101","John Doe","Waterproof Leather Jacket","Clothing",3,14900,44700,21669.07,"Boston","Massachusetts","East",2024,8,"Q3","Aug",0.4848,FALSE
"EC-1670",2024-06-11,"CUST-148","Nora Parker","Heavy Duty Stapler","Office Supplies",2,1800,3600,1335.84,"Miami","Florida","South",2024,6,"Q2","Jun",0.3711,FALSE
"EC-1671",2025-10-21,"CUST-141","Henry Carter","Gel Pen Set (12-pack)","Office Supplies",1,900,900,453.42,"Nashville","Tennessee","South",2025,10,"Q4","Oct",0.5038,FALSE
"EC-1672",2025-04-18,"CUST-103","Michael Johnson","Running Shoes","Clothing",1,9900,9900,3838.46,"Philadelphia","Pennsylvania","East",2025,4,"Q2","Apr",0.3877,FALSE
"EC-1673",2025-06-03,"CUST-101","John Doe","Heavy Duty Stapler","Office Supplies",4,1800,7200,3483.09,"Miami","Florida","South",2025,6,"Q2","Jun",0.4838,FALSE
"EC-1674",2024-10-02,"CUST-144","Layla Roberts","Solid Oak Dining Table","Furniture",1,66000,66000,-8759.92,"Los Angeles","California","West",2024,10,"Q4","Oct",-0.1327,FALSE
"EC-1675",2025-10-29,"CUST-107","James Garcia","Denim Jeans","Clothing",2,4900,9800,2989.96,"Boston","Massachusetts","East",2025,10,"Q4","Oct",0.3051,FALSE
"EC-1676",2024-12-31,"CUST-147","Daniel Campbell","Denim Jeans","Clothing",1,4900,4900,1547.44,"Miami","Florida","South",2024,12,"Q4","Dec",0.3158,FALSE
"EC-1677",2024-04-06,"CUST-109","Benjamin Miller","Solid Oak Dining Table","Furniture",1,66000,66000,-8170.52,"Philadelphia","Pennsylvania","East",2024,4,"Q2","Apr",-0.1238,FALSE
"EC-1678",2025-11-26,"CUST-102","Jane Smith","Waterproof Leather Jacket","Clothing",1,14900,14900,7308.41,"Los Angeles","California","West",2025,11,"Q4","Nov",0.4905,FALSE
"EC-1679",2025-07-11,"CUST-114","Charlotte Moore","Sony WH-1000XM5","Electronics",1,33000,33000,4132.44,"New York","New York","East",2025,7,"Q3","Jul",0.1252,FALSE
"EC-1680",2024-12-06,"CUST-121","Logan Martin","Gel Pen Set (12-pack)","Office Supplies",2,900,1800,917.91,"San Francisco","California","West",2024,12,"Q4","Dec",0.51,FALSE
"EC-1681",2026-01-29,"CUST-144","Layla Roberts","Dry Erase Whiteboard","Office Supplies",2,3700,7400,3420.63,"Seattle","Washington","West",2026,1,"Q1","Jan",0.4622,FALSE
"EC-1682",2024-07-02,"CUST-129","Sebastian Young","iPhone 15 Pro","Electronics",3,82900,248700,81360.29,"Houston","Texas","Central",2024,7,"Q3","Jul",0.3271,TRUE
"EC-1683",2025-09-01,"CUST-118","Harper Thompson","Running Shoes","Clothing",5,9900,49500,14372.8,"Atlanta","Georgia","South",2025,9,"Q3","Sep",0.2904,FALSE
"EC-1684",2024-11-13,"CUST-112","Mia Thomas","Cotton Slim Fit T-Shirt","Clothing",1,2000,2000,865.25,"Seattle","Washington","West",2024,11,"Q4","Nov",0.4326,FALSE
"EC-1685",2024-03-09,"CUST-122","Abigail Clark","iPad Air","Electronics",3,49000,147000,34159.39,"Boston","Massachusetts","East",2024,3,"Q1","Mar",0.2324,FALSE
"EC-1686",2025-03-01,"CUST-128","Sofia Allen","Ergonomic Office Chair","Furniture",2,20500,41000,-5436.15,"Seattle","Washington","West",2025,3,"Q1","Mar",-0.1326,FALSE
"EC-1687",2024-09-24,"CUST-143","Wyatt Perez","Premium Notebook Pack","Office Supplies",2,1200,2400,1113.32,"Houston","Texas","Central",2024,9,"Q3","Sep",0.4639,FALSE
"EC-1688",2024-09-15,"CUST-125","Joseph Lee","Gel Pen Set (12-pack)","Office Supplies",3,900,2700,1046.38,"Los Angeles","California","West",2024,9,"Q3","Sep",0.3875,FALSE
"EC-1689",2025-01-12,"CUST-141","Henry Carter","Gel Pen Set (12-pack)","Office Supplies",1,900,900,529.55,"New York","New York","East",2025,1,"Q1","Jan",0.5884,FALSE
"EC-1690",2024-01-18,"CUST-135","Owen Scott","Heavy Duty Stapler","Office Supplies",2,1800,3600,1868.55,"Atlanta","Georgia","South",2024,1,"Q1","Jan",0.519,FALSE
"EC-1691",2024-08-29,"CUST-126","Avery Walker","Ergonomic Office Chair","Furniture",1,20500,20500,908.27,"San Francisco","California","West",2024,8,"Q3","Aug",0.0443,FALSE
"EC-1692",2024-06-26,"CUST-109","Benjamin Miller","Premium Notebook Pack","Office Supplies",1,1200,1200,540.46,"Nashville","Tennessee","South",2024,6,"Q2","Jun",0.4504,FALSE
"EC-1693",2025-01-26,"CUST-133","Luke Lopez","Solid Oak Dining Table","Furniture",1,66000,66000,8205.48,"Chicago","Illinois","Central",2025,1,"Q1","Jan",0.1243,FALSE
"EC-1694",2025-09-18,"CUST-114","Charlotte Moore","Dry Erase Whiteboard","Office Supplies",1,3700,3700,2202.75,"Atlanta","Georgia","South",2025,9,"Q3","Sep",0.5953,FALSE
"EC-1695",2025-05-02,"CUST-127","Jackson Hall","Ergonomic Office Chair","Furniture",2,20500,41000,-5875.9,"Boston","Massachusetts","East",2025,5,"Q2","May",-0.1433,FALSE
"EC-1696",2025-06-25,"CUST-112","Mia Thomas","Denim Jeans","Clothing",1,4900,4900,2048.16,"Boston","Massachusetts","East",2025,6,"Q2","Jun",0.418,FALSE
"EC-1697",2024-05-27,"CUST-114","Charlotte Moore","LED Desk Lamp","Furniture",1,4000,4000,354.73,"Nashville","Tennessee","South",2024,5,"Q2","May",0.0887,FALSE
"EC-1698",2026-03-29,"CUST-112","Mia Thomas","Waterproof Leather Jacket","Clothing",4,14900,59600,17288.79,"Atlanta","Georgia","South",2026,3,"Q1","Mar",0.2901,FALSE
"EC-1699",2025-11-04,"CUST-132","Scarlett Wright","Ergonomic Office Chair","Furniture",4,20500,82000,10070.93,"Nashville","Tennessee","South",2025,11,"Q4","Nov",0.1228,FALSE
"EC-1700",2025-03-23,"CUST-120","Evelyn Harris","Cotton Slim Fit T-Shirt","Clothing",2,2000,4000,1349.88,"Boston","Massachusetts","East",2025,3,"Q1","Mar",0.3375,FALSE
"EC-1701",2024-10-03,"CUST-148","Nora Parker","Waterproof Leather Jacket","Clothing",2,14900,29800,13594.47,"New York","New York","East",2024,10,"Q4","Oct",0.4562,FALSE
"EC-1702",2024-06-28,"CUST-123","David Rodriguez","Waterproof Leather Jacket","Clothing",1,14900,14900,7505.94,"Miami","Florida","South",2024,6,"Q2","Jun",0.5038,FALSE
"EC-1703",2024-03-23,"CUST-122","Abigail Clark","LED Desk Lamp","Furniture",2,4000,8000,502.81,"Philadelphia","Pennsylvania","East",2024,3,"Q1","Mar",0.0629,FALSE
"EC-1704",2025-09-28,"CUST-104","Emily Davis","iPhone 15 Pro","Electronics",1,82900,82900,13231.8,"Houston","Texas","Central",2025,9,"Q3","Sep",0.1596,FALSE
"EC-1705",2025-05-20,"CUST-113","Alexander Taylor","Denim Jeans","Clothing",2,4900,9800,2560.23,"Houston","Texas","Central",2025,5,"Q2","May",0.2612,FALSE
"EC-1706",2026-01-16,"CUST-105","William Brown","Dell XPS 15","Electronics",2,124000,248000,33568.35,"Seattle","Washington","West",2026,1,"Q1","Jan",0.1354,TRUE
"EC-1707",2025-08-16,"CUST-136","Victoria Green","Waterproof Leather Jacket","Clothing",3,14900,44700,16791.26,"Atlanta","Georgia","South",2025,8,"Q3","Aug",0.3756,FALSE
"EC-1708",2024-02-09,"CUST-120","Evelyn Harris","Premium Notebook Pack","Office Supplies",2,1200,2400,1354.09,"Los Angeles","California","West",2024,2,"Q1","Feb",0.5642,FALSE
"EC-1709",2026-03-02,"CUST-133","Luke Lopez","Premium Notebook Pack","Office Supplies",3,1200,3600,1270.03,"San Francisco","California","West",2026,3,"Q1","Mar",0.3528,FALSE
"EC-1710",2024-06-05,"CUST-145","Matthew Turner","Cotton Slim Fit T-Shirt","Clothing",4,2000,8000,3374,"Seattle","Washington","West",2024,6,"Q2","Jun",0.4218,FALSE
"EC-1711",2025-02-21,"CUST-130","Ella Hernandez","LED Desk Lamp","Furniture",2,4000,8000,-383.75,"Miami","Florida","South",2025,2,"Q1","Feb",-0.048,FALSE
"EC-1712",2026-02-28,"CUST-109","Benjamin Miller","Modern Sofa","Furniture",1,74500,74500,-4833.43,"San Francisco","California","West",2026,2,"Q1","Feb",-0.0649,FALSE
"EC-1713",2024-08-02,"CUST-109","Benjamin Miller","LED Desk Lamp","Furniture",4,4000,16000,1146.31,"Seattle","Washington","West",2024,8,"Q3","Aug",0.0716,FALSE
"EC-1714",2024-08-23,"CUST-145","Matthew Turner","Heavy Duty Stapler","Office Supplies",3,1800,5400,2670.16,"Dallas","Texas","Central",2024,8,"Q3","Aug",0.4945,FALSE
"EC-1715",2025-01-09,"CUST-113","Alexander Taylor","Modern Sofa","Furniture",3,74500,223500,36858.86,"San Francisco","California","West",2025,1,"Q1","Jan",0.1649,TRUE
"EC-1716",2025-10-21,"CUST-146","Lillian Phillips","Gel Pen Set (12-pack)","Office Supplies",1,900,900,466.48,"Seattle","Washington","West",2025,10,"Q4","Oct",0.5183,FALSE
"EC-1717",2025-11-21,"CUST-141","Henry Carter","Waterproof Leather Jacket","Clothing",2,14900,29800,13186.35,"Philadelphia","Pennsylvania","East",2025,11,"Q4","Nov",0.4425,FALSE
"EC-1718",2024-10-21,"CUST-134","Grace Hill","Denim Jeans","Clothing",2,4900,9800,3101.66,"Seattle","Washington","West",2024,10,"Q4","Oct",0.3165,FALSE
"EC-1719",2025-06-04,"CUST-131","Jack King","Premium Notebook Pack","Office Supplies",1,1200,1200,510.29,"San Francisco","California","West",2025,6,"Q2","Jun",0.4252,FALSE
"EC-1720",2026-04-10,"CUST-129","Sebastian Young","iPhone 15 Pro","Electronics",1,82900,82900,22195.73,"Seattle","Washington","West",2026,4,"Q2","Apr",0.2677,FALSE
"EC-1721",2025-12-02,"CUST-127","Jackson Hall","Cotton Slim Fit T-Shirt","Clothing",4,2000,8000,3514.27,"Dallas","Texas","Central",2025,12,"Q4","Dec",0.4393,FALSE
"EC-1722",2025-06-14,"CUST-109","Benjamin Miller","Premium Notebook Pack","Office Supplies",3,1200,3600,1523.51,"Chicago","Illinois","Central",2025,6,"Q2","Jun",0.4232,FALSE
"EC-1723",2024-01-21,"CUST-128","Sofia Allen","Sony WH-1000XM5","Electronics",3,33000,99000,32057.26,"Los Angeles","California","West",2024,1,"Q1","Jan",0.3238,FALSE
"EC-1724",2024-12-28,"CUST-115","Ethan Jackson","Waterproof Leather Jacket","Clothing",4,14900,59600,21439.44,"Los Angeles","California","West",2024,12,"Q4","Dec",0.3597,FALSE
"EC-1725",2025-05-06,"CUST-112","Mia Thomas","LED Desk Lamp","Furniture",1,4000,4000,-199.64,"San Francisco","California","West",2025,5,"Q2","May",-0.0499,FALSE
"EC-1726",2026-05-15,"CUST-118","Harper Thompson","Dry Erase Whiteboard","Office Supplies",4,3700,14800,8604.19,"Boston","Massachusetts","East",2026,5,"Q2","May",0.5814,FALSE
"EC-1727",2025-01-06,"CUST-144","Layla Roberts","Heavy Duty Stapler","Office Supplies",2,1800,3600,1716.23,"Seattle","Washington","West",2025,1,"Q1","Jan",0.4767,FALSE
"EC-1728",2025-11-19,"CUST-115","Ethan Jackson","iPhone 15 Pro","Electronics",3,82900,248700,57644.35,"San Francisco","California","West",2025,11,"Q4","Nov",0.2318,TRUE
"EC-1729",2026-04-15,"CUST-116","Amelia Martin","LED Desk Lamp","Furniture",1,4000,4000,337.91,"Philadelphia","Pennsylvania","East",2026,4,"Q2","Apr",0.0845,FALSE
"EC-1730",2025-09-18,"CUST-123","David Rodriguez","Denim Jeans","Clothing",1,4900,4900,1294.78,"Atlanta","Georgia","South",2025,9,"Q3","Sep",0.2642,FALSE
"EC-1731",2024-11-16,"CUST-112","Mia Thomas","Waterproof Leather Jacket","Clothing",3,14900,44700,15404.8,"New York","New York","East",2024,11,"Q4","Nov",0.3446,FALSE
"EC-1732",2024-04-01,"CUST-144","Layla Roberts","iPad Air","Electronics",2,49000,98000,20679.97,"Los Angeles","California","West",2024,4,"Q2","Apr",0.211,FALSE
"EC-1733",2024-12-02,"CUST-140","Camila Nelson","Waterproof Leather Jacket","Clothing",1,14900,14900,5353.77,"Atlanta","Georgia","South",2024,12,"Q4","Dec",0.3593,FALSE
"EC-1734",2025-02-23,"CUST-150","Zoe Edwards","Cotton Slim Fit T-Shirt","Clothing",2,2000,4000,1053.48,"Chicago","Illinois","Central",2025,2,"Q1","Feb",0.2634,FALSE
"EC-1735",2025-11-27,"CUST-111","Lucas Anderson","Premium Notebook Pack","Office Supplies",3,1200,3600,2166.42,"Philadelphia","Pennsylvania","East",2025,11,"Q4","Nov",0.6018,FALSE
"EC-1736",2025-10-28,"CUST-118","Harper Thompson","Sony WH-1000XM5","Electronics",1,33000,33000,6230.59,"San Francisco","California","West",2025,10,"Q4","Oct",0.1888,FALSE
"EC-1737",2025-10-27,"CUST-113","Alexander Taylor","LED Desk Lamp","Furniture",2,4000,8000,1573.72,"Los Angeles","California","West",2025,10,"Q4","Oct",0.1967,FALSE
"EC-1738",2024-02-26,"CUST-115","Ethan Jackson","Denim Jeans","Clothing",4,4900,19600,6440.9,"Chicago","Illinois","Central",2024,2,"Q1","Feb",0.3286,FALSE
"EC-1739",2025-12-25,"CUST-139","Carter Gonzalez","LED Desk Lamp","Furniture",2,4000,8000,-151.42,"San Francisco","California","West",2025,12,"Q4","Dec",-0.0189,FALSE
"EC-1740",2024-08-19,"CUST-104","Emily Davis","Dell XPS 15","Electronics",1,124000,124000,43378.6,"Atlanta","Georgia","South",2024,8,"Q3","Aug",0.3498,TRUE
"EC-1741",2026-03-13,"CUST-149","Julian Evans","Gel Pen Set (12-pack)","Office Supplies",1,900,900,555.4,"Miami","Florida","South",2026,3,"Q1","Mar",0.6171,FALSE
"EC-1742",2025-11-28,"CUST-104","Emily Davis","Dry Erase Whiteboard","Office Supplies",1,3700,3700,2059.08,"Chicago","Illinois","Central",2025,11,"Q4","Nov",0.5565,FALSE
"EC-1743",2024-01-13,"CUST-139","Carter Gonzalez","Cotton Slim Fit T-Shirt","Clothing",2,2000,4000,1080.3,"Houston","Texas","Central",2024,1,"Q1","Jan",0.2701,FALSE
"EC-1744",2025-09-01,"CUST-123","David Rodriguez","Dry Erase Whiteboard","Office Supplies",4,3700,14800,8158.18,"Nashville","Tennessee","South",2025,9,"Q3","Sep",0.5512,FALSE
"EC-1745",2025-05-17,"CUST-137","Gabriel Adams","Dry Erase Whiteboard","Office Supplies",3,3700,11100,4326.69,"Los Angeles","California","West",2025,5,"Q2","May",0.3898,FALSE
"EC-1746",2024-08-15,"CUST-150","Zoe Edwards","Premium Notebook Pack","Office Supplies",2,1200,2400,1257.12,"Chicago","Illinois","Central",2024,8,"Q3","Aug",0.5238,FALSE
"EC-1747",2026-03-19,"CUST-113","Alexander Taylor","Sony WH-1000XM5","Electronics",1,33000,33000,8034.16,"Chicago","Illinois","Central",2026,3,"Q1","Mar",0.2435,FALSE
"EC-1748",2025-03-02,"CUST-128","Sofia Allen","iPad Air","Electronics",2,49000,98000,18484.47,"Houston","Texas","Central",2025,3,"Q1","Mar",0.1886,FALSE
"EC-1749",2024-12-13,"CUST-144","Layla Roberts","Gel Pen Set (12-pack)","Office Supplies",1,900,900,429.18,"Seattle","Washington","West",2024,12,"Q4","Dec",0.4769,FALSE
"EC-1750",2025-01-28,"CUST-120","Evelyn Harris","Ergonomic Office Chair","Furniture",1,20500,20500,-3044.56,"Houston","Texas","Central",2025,1,"Q1","Jan",-0.1485,FALSE
"EC-1751",2026-05-13,"CUST-114","Charlotte Moore","Heavy Duty Stapler","Office Supplies",2,1800,3600,1870.77,"Houston","Texas","Central",2026,5,"Q2","May",0.5197,FALSE
"EC-1752",2024-04-19,"CUST-131","Jack King","iPad Air","Electronics",1,49000,49000,16756.25,"Atlanta","Georgia","South",2024,4,"Q2","Apr",0.342,FALSE
"EC-1753",2025-06-22,"CUST-123","David Rodriguez","Waterproof Leather Jacket","Clothing",1,14900,14900,5289.74,"Dallas","Texas","Central",2025,6,"Q2","Jun",0.355,FALSE
"EC-1754",2024-12-18,"CUST-106","Olivia Jones","Ergonomic Office Chair","Furniture",1,20500,20500,-591.71,"San Francisco","California","West",2024,12,"Q4","Dec",-0.0289,FALSE
"EC-1755",2024-09-12,"CUST-134","Grace Hill","Denim Jeans","Clothing",1,4900,4900,1319.12,"Nashville","Tennessee","South",2024,9,"Q3","Sep",0.2692,FALSE
"EC-1756",2024-03-05,"CUST-130","Ella Hernandez","iPad Air","Electronics",2,49000,98000,16140.25,"Seattle","Washington","West",2024,3,"Q1","Mar",0.1647,FALSE
"EC-1757",2025-08-12,"CUST-130","Ella Hernandez","Denim Jeans","Clothing",5,4900,24500,10920.23,"Dallas","Texas","Central",2025,8,"Q3","Aug",0.4457,FALSE
"EC-1758",2026-06-13,"CUST-107","James Garcia","Running Shoes","Clothing",3,9900,29700,9780.42,"Los Angeles","California","West",2026,6,"Q2","Jun",0.3293,FALSE
"EC-1759",2026-01-25,"CUST-114","Charlotte Moore","Running Shoes","Clothing",1,9900,9900,3649.66,"Los Angeles","California","West",2026,1,"Q1","Jan",0.3687,FALSE
"EC-1760",2024-02-27,"CUST-137","Gabriel Adams","Denim Jeans","Clothing",2,4900,9800,4974.88,"Atlanta","Georgia","South",2024,2,"Q1","Feb",0.5076,FALSE
"EC-1761",2026-01-26,"CUST-108","Sophia Martinez","Heavy Duty Stapler","Office Supplies",1,1800,1800,1108.12,"Houston","Texas","Central",2026,1,"Q1","Jan",0.6156,FALSE
"EC-1762",2025-04-24,"CUST-131","Jack King","Premium Notebook Pack","Office Supplies",1,1200,1200,697.95,"Chicago","Illinois","Central",2025,4,"Q2","Apr",0.5816,FALSE
"EC-1763",2025-06-23,"CUST-150","Zoe Edwards","Ergonomic Office Chair","Furniture",1,20500,20500,4493.05,"Dallas","Texas","Central",2025,6,"Q2","Jun",0.2192,FALSE
"EC-1765",2024-10-14,"CUST-125","Joseph Lee","Dell XPS 15","Electronics",1,124000,124000,28741.05,"Chicago","Illinois","Central",2024,10,"Q4","Oct",0.2318,FALSE
"EC-1766",2024-12-26,"CUST-132","Scarlett Wright","iPhone 15 Pro","Electronics",1,82900,82900,21579.97,"San Francisco","California","West",2024,12,"Q4","Dec",0.2603,FALSE
"EC-1767",2024-06-06,"CUST-112","Mia Thomas","Gel Pen Set (12-pack)","Office Supplies",1,900,900,559.75,"Philadelphia","Pennsylvania","East",2024,6,"Q2","Jun",0.6219,FALSE
"EC-1768",2025-01-05,"CUST-119","Matthew White","Solid Oak Dining Table","Furniture",2,66000,132000,4182.82,"Nashville","Tennessee","South",2025,1,"Q1","Jan",0.0317,FALSE
"EC-1769",2025-11-07,"CUST-125","Joseph Lee","Heavy Duty Stapler","Office Supplies",1,1800,1800,1133.41,"Seattle","Washington","West",2025,11,"Q4","Nov",0.6297,FALSE
"EC-1770",2026-01-26,"CUST-113","Alexander Taylor","Denim Jeans","Clothing",1,4900,4900,1814.77,"Los Angeles","California","West",2026,1,"Q1","Jan",0.3704,FALSE
"EC-1771",2024-12-19,"CUST-116","Amelia Martin","Heavy Duty Stapler","Office Supplies",1,1800,1800,895.31,"Philadelphia","Pennsylvania","East",2024,12,"Q4","Dec",0.4974,FALSE
"EC-1772",2025-05-03,"CUST-105","William Brown","Running Shoes","Clothing",5,9900,49500,13261.76,"Nashville","Tennessee","South",2025,5,"Q2","May",0.2679,FALSE
"EC-1773",2025-10-25,"CUST-137","Gabriel Adams","iPhone 15 Pro","Electronics",2,82900,165800,50215.83,"Atlanta","Georgia","South",2025,10,"Q4","Oct",0.3029,TRUE
"EC-1774",2025-11-14,"CUST-108","Sophia Martinez","Modern Sofa","Furniture",1,74500,74500,6776.88,"Philadelphia","Pennsylvania","East",2025,11,"Q4","Nov",0.091,FALSE
"EC-1775",2025-06-29,"CUST-112","Mia Thomas","Heavy Duty Stapler","Office Supplies",1,1800,1800,663.06,"Houston","Texas","Central",2025,6,"Q2","Jun",0.3684,FALSE
"EC-1776",2025-09-28,"CUST-102","Jane Smith","Gel Pen Set (12-pack)","Office Supplies",4,900,3600,1657.35,"Dallas","Texas","Central",2025,9,"Q3","Sep",0.4604,FALSE
"EC-1777",2024-10-10,"CUST-133","Luke Lopez","Heavy Duty Stapler","Office Supplies",3,1800,5400,2912.09,"Houston","Texas","Central",2024,10,"Q4","Oct",0.5393,FALSE
"EC-1778",2026-03-26,"CUST-119","Matthew White","Waterproof Leather Jacket","Clothing",1,14900,14900,5293.4,"Boston","Massachusetts","East",2026,3,"Q1","Mar",0.3553,FALSE
"EC-1779",2025-06-13,"CUST-112","Mia Thomas","Premium Notebook Pack","Office Supplies",2,1200,2400,1062.75,"Seattle","Washington","West",2025,6,"Q2","Jun",0.4428,FALSE
"EC-1780",2024-05-29,"CUST-115","Ethan Jackson","LED Desk Lamp","Furniture",4,4000,16000,3064.06,"Miami","Florida","South",2024,5,"Q2","May",0.1915,FALSE
"EC-1781",2025-10-27,"CUST-123","David Rodriguez","Ergonomic Office Chair","Furniture",4,20500,82000,1619.88,"Nashville","Tennessee","South",2025,10,"Q4","Oct",0.0198,FALSE
"EC-1782",2025-07-14,"CUST-101","John Doe","LED Desk Lamp","Furniture",1,4000,4000,819.35,"Los Angeles","California","West",2025,7,"Q3","Jul",0.2048,FALSE
"EC-1783",2025-12-24,"CUST-113","Alexander Taylor","Denim Jeans","Clothing",3,4900,14700,7256.76,"San Francisco","California","West",2025,12,"Q4","Dec",0.4937,FALSE
"EC-1784",2026-05-12,"CUST-130","Ella Hernandez","Premium Notebook Pack","Office Supplies",1,1200,1200,777.45,"Nashville","Tennessee","South",2026,5,"Q2","May",0.6479,FALSE
"EC-1785",2026-05-21,"CUST-102","Jane Smith","Premium Notebook Pack","Office Supplies",4,1200,4800,2319.64,"Boston","Massachusetts","East",2026,5,"Q2","May",0.4833,FALSE
"EC-1786",2024-01-30,"CUST-135","Owen Scott","Modern Sofa","Furniture",2,74500,149000,18118.89,"Atlanta","Georgia","South",2024,1,"Q1","Jan",0.1216,FALSE
"EC-1787",2025-08-06,"CUST-101","John Doe","iPhone 15 Pro","Electronics",2,82900,165800,22184.99,"Dallas","Texas","Central",2025,8,"Q3","Aug",0.1338,FALSE
"EC-1788",2025-04-17,"CUST-106","Olivia Jones","Modern Sofa","Furniture",1,74500,74500,2599.07,"Boston","Massachusetts","East",2025,4,"Q2","Apr",0.0349,FALSE
"EC-1789",2024-02-27,"CUST-141","Henry Carter","LED Desk Lamp","Furniture",2,4000,8000,1674.6,"Miami","Florida","South",2024,2,"Q1","Feb",0.2093,FALSE
"EC-1790",2025-11-08,"CUST-103","Michael Johnson","Ergonomic Office Chair","Furniture",1,20500,20500,-1583.82,"Seattle","Washington","West",2025,11,"Q4","Nov",-0.0773,FALSE
"EC-1791",2024-04-08,"CUST-133","Luke Lopez","LED Desk Lamp","Furniture",1,4000,4000,-428.28,"Chicago","Illinois","Central",2024,4,"Q2","Apr",-0.1071,FALSE
"EC-1792",2026-04-12,"CUST-137","Gabriel Adams","iPhone 15 Pro","Electronics",2,82900,165800,38455.94,"New York","New York","East",2026,4,"Q2","Apr",0.2319,TRUE
"EC-1793",2024-06-23,"CUST-112","Mia Thomas","Gel Pen Set (12-pack)","Office Supplies",2,900,1800,1131.08,"Chicago","Illinois","Central",2024,6,"Q2","Jun",0.6284,FALSE
"EC-1794",2025-05-30,"CUST-106","Olivia Jones","Denim Jeans","Clothing",3,4900,14700,7896.86,"Boston","Massachusetts","East",2025,5,"Q2","May",0.5372,FALSE
"EC-1795",2024-02-10,"CUST-106","Olivia Jones","iPhone 15 Pro","Electronics",1,82900,82900,24278,"Chicago","Illinois","Central",2024,2,"Q1","Feb",0.2929,FALSE
"EC-1796",2024-12-18,"CUST-114","Charlotte Moore","iPad Air","Electronics",1,49000,49000,10462.59,"San Francisco","California","West",2024,12,"Q4","Dec",0.2135,FALSE
"EC-1797",2025-05-05,"CUST-145","Matthew Turner","Dell XPS 15","Electronics",4,124000,496000,131439.82,"San Francisco","California","West",2025,5,"Q2","May",0.265,TRUE
"EC-1798",2025-12-10,"CUST-126","Avery Walker","Modern Sofa","Furniture",1,74500,74500,17321.15,"San Francisco","California","West",2025,12,"Q4","Dec",0.2325,FALSE
"EC-1799",2026-02-26,"CUST-134","Grace Hill","Ergonomic Office Chair","Furniture",2,20500,41000,-6080.61,"Boston","Massachusetts","East",2026,2,"Q1","Feb",-0.1483,FALSE
"EC-1800",2025-10-10,"CUST-149","Julian Evans","Modern Sofa","Furniture",2,74500,149000,2197,"Houston","Texas","Central",2025,10,"Q4","Oct",0.0147,FALSE
"EC-1801",2024-04-01,"CUST-147","Daniel Campbell","Modern Sofa","Furniture",1,74500,74500,-9674.85,"Philadelphia","Pennsylvania","East",2024,4,"Q2","Apr",-0.1299,FALSE
"EC-1802",2025-02-18,"CUST-103","Michael Johnson","Premium Notebook Pack","Office Supplies",4,1200,4800,2519.94,"Seattle","Washington","West",2025,2,"Q1","Feb",0.525,FALSE
"EC-1803",2025-10-25,"CUST-135","Owen Scott","Cotton Slim Fit T-Shirt","Clothing",2,2000,4000,1042.61,"Chicago","Illinois","Central",2025,10,"Q4","Oct",0.2607,FALSE
"EC-1804",2025-03-29,"CUST-117","Daniel Lee","Denim Jeans","Clothing",3,4900,14700,8056.1,"Miami","Florida","South",2025,3,"Q1","Mar",0.548,FALSE
"EC-1805",2025-10-23,"CUST-136","Victoria Green","Dry Erase Whiteboard","Office Supplies",2,3700,7400,2643.76,"Houston","Texas","Central",2025,10,"Q4","Oct",0.3573,FALSE
"EC-1806",2025-05-11,"CUST-101","John Doe","Running Shoes","Clothing",1,9900,9900,3992.18,"Houston","Texas","Central",2025,5,"Q2","May",0.4033,FALSE
"EC-1807",2024-09-23,"CUST-140","Camila Nelson","Solid Oak Dining Table","Furniture",3,66000,198000,-25781.56,"Dallas","Texas","Central",2024,9,"Q3","Sep",-0.1302,TRUE
"EC-1808",2025-03-18,"CUST-118","Harper Thompson","Dry Erase Whiteboard","Office Supplies",1,3700,3700,1376.2,"New York","New York","East",2025,3,"Q1","Mar",0.3719,FALSE
"EC-1809",2024-07-28,"CUST-117","Daniel Lee","Sony WH-1000XM5","Electronics",5,33000,165000,43495.65,"Nashville","Tennessee","South",2024,7,"Q3","Jul",0.2636,TRUE
"EC-1810",2026-05-24,"CUST-122","Abigail Clark","Modern Sofa","Furniture",1,74500,74500,-3716.98,"Los Angeles","California","West",2026,5,"Q2","May",-0.0499,FALSE
"EC-1811",2025-10-20,"CUST-144","Layla Roberts","Cotton Slim Fit T-Shirt","Clothing",2,2000,4000,1579.92,"San Francisco","California","West",2025,10,"Q4","Oct",0.395,FALSE
"EC-1812",2024-12-28,"CUST-102","Jane Smith","Dry Erase Whiteboard","Office Supplies",3,3700,11100,4368.77,"Seattle","Washington","West",2024,12,"Q4","Dec",0.3936,FALSE
"EC-1813",2026-05-30,"CUST-126","Avery Walker","Running Shoes","Clothing",4,9900,39600,12132.18,"New York","New York","East",2026,5,"Q2","May",0.3064,FALSE
"EC-1814",2025-05-11,"CUST-150","Zoe Edwards","Heavy Duty Stapler","Office Supplies",1,1800,1800,919.33,"Houston","Texas","Central",2025,5,"Q2","May",0.5107,FALSE
"EC-1815",2024-10-22,"CUST-120","Evelyn Harris","Premium Notebook Pack","Office Supplies",2,1200,2400,1457.08,"New York","New York","East",2024,10,"Q4","Oct",0.6071,FALSE
"EC-1816",2025-04-03,"CUST-107","James Garcia","iPad Air","Electronics",2,49000,98000,18151.51,"Houston","Texas","Central",2025,4,"Q2","Apr",0.1852,FALSE
"EC-1817",2026-01-23,"CUST-138","Chloe Baker","iPhone 15 Pro","Electronics",1,82900,82900,14084.37,"San Francisco","California","West",2026,1,"Q1","Jan",0.1699,FALSE
"EC-1818",2024-08-12,"CUST-102","Jane Smith","Dell XPS 15","Electronics",3,124000,372000,100022.93,"Dallas","Texas","Central",2024,8,"Q3","Aug",0.2689,TRUE
"EC-1819",2026-04-02,"CUST-135","Owen Scott","Dry Erase Whiteboard","Office Supplies",3,3700,11100,5004.62,"San Francisco","California","West",2026,4,"Q2","Apr",0.4509,FALSE
"EC-1820",2025-11-08,"CUST-111","Lucas Anderson","Cotton Slim Fit T-Shirt","Clothing",2,2000,4000,2137.35,"Dallas","Texas","Central",2025,11,"Q4","Nov",0.5343,FALSE
"EC-1821",2025-06-29,"CUST-106","Olivia Jones","Denim Jeans","Clothing",3,4900,14700,4970.81,"Chicago","Illinois","Central",2025,6,"Q2","Jun",0.3382,FALSE
"EC-1822",2024-08-25,"CUST-109","Benjamin Miller","Ergonomic Office Chair","Furniture",1,20500,20500,-1726.43,"San Francisco","California","West",2024,8,"Q3","Aug",-0.0842,FALSE
"EC-1823",2026-01-10,"CUST-103","Michael Johnson","LED Desk Lamp","Furniture",1,4000,4000,-489.45,"Boston","Massachusetts","East",2026,1,"Q1","Jan",-0.1224,FALSE
"EC-1824",2024-01-01,"CUST-123","David Rodriguez","Dry Erase Whiteboard","Office Supplies",2,3700,7400,2937.73,"Chicago","Illinois","Central",2024,1,"Q1","Jan",0.397,FALSE
"EC-1825",2026-05-11,"CUST-132","Scarlett Wright","iPad Air","Electronics",4,49000,196000,67579.49,"New York","New York","East",2026,5,"Q2","May",0.3448,TRUE
"EC-1826",2025-07-22,"CUST-134","Grace Hill","Waterproof Leather Jacket","Clothing",1,14900,14900,5507.73,"Miami","Florida","South",2025,7,"Q3","Jul",0.3696,FALSE
"EC-1827",2026-04-02,"CUST-110","Isabella Wilson","Dell XPS 15","Electronics",1,124000,124000,41963.3,"Nashville","Tennessee","South",2026,4,"Q2","Apr",0.3384,TRUE
"EC-1828",2026-04-07,"CUST-144","Layla Roberts","iPhone 15 Pro","Electronics",5,82900,414500,127088.37,"Seattle","Washington","West",2026,4,"Q2","Apr",0.3066,TRUE
"EC-1829",2025-12-08,"CUST-129","Sebastian Young","iPhone 15 Pro","Electronics",1,82900,82900,10765.95,"Los Angeles","California","West",2025,12,"Q4","Dec",0.1299,FALSE
"EC-1830",2024-03-11,"CUST-144","Layla Roberts","Premium Notebook Pack","Office Supplies",1,1200,1200,652.76,"Los Angeles","California","West",2024,3,"Q1","Mar",0.544,FALSE
"EC-1831",2025-10-15,"CUST-142","Penelope Mitchell","iPhone 15 Pro","Electronics",2,82900,165800,34096.5,"Los Angeles","California","West",2025,10,"Q4","Oct",0.2056,FALSE
"EC-1832",2024-01-10,"CUST-104","Emily Davis","Gel Pen Set (12-pack)","Office Supplies",5,900,4500,2306.15,"Nashville","Tennessee","South",2024,1,"Q1","Jan",0.5125,FALSE
"EC-1833",2025-04-27,"CUST-149","Julian Evans","Cotton Slim Fit T-Shirt","Clothing",2,2000,4000,1029.94,"Miami","Florida","South",2025,4,"Q2","Apr",0.2575,FALSE
"EC-1834",2024-03-09,"CUST-147","Daniel Campbell","Sony WH-1000XM5","Electronics",3,33000,99000,33329.24,"Houston","Texas","Central",2024,3,"Q1","Mar",0.3367,FALSE
"EC-1835",2026-05-05,"CUST-112","Mia Thomas","Waterproof Leather Jacket","Clothing",2,14900,29800,13362.57,"Dallas","Texas","Central",2026,5,"Q2","May",0.4484,FALSE
"EC-1836",2024-06-14,"CUST-128","Sofia Allen","iPhone 15 Pro","Electronics",1,82900,82900,17462.36,"Los Angeles","California","West",2024,6,"Q2","Jun",0.2106,FALSE
"EC-1837",2024-05-12,"CUST-120","Evelyn Harris","Dell XPS 15","Electronics",1,124000,124000,30528.62,"Miami","Florida","South",2024,5,"Q2","May",0.2462,FALSE
"EC-1838",2026-02-27,"CUST-123","David Rodriguez","Denim Jeans","Clothing",2,4900,9800,5295.15,"Miami","Florida","South",2026,2,"Q1","Feb",0.5403,FALSE
"EC-1839",2024-03-03,"CUST-144","Layla Roberts","Sony WH-1000XM5","Electronics",1,33000,33000,6252.61,"New York","New York","East",2024,3,"Q1","Mar",0.1895,FALSE
"EC-1840",2024-08-29,"CUST-129","Sebastian Young","Dry Erase Whiteboard","Office Supplies",2,3700,7400,2735.29,"Seattle","Washington","West",2024,8,"Q3","Aug",0.3696,FALSE
"EC-1841",2025-05-03,"CUST-127","Jackson Hall","Cotton Slim Fit T-Shirt","Clothing",2,2000,4000,1044.09,"Miami","Florida","South",2025,5,"Q2","May",0.261,FALSE
"EC-1842",2024-02-04,"CUST-134","Grace Hill","iPad Air","Electronics",5,49000,245000,63811.16,"Chicago","Illinois","Central",2024,2,"Q1","Feb",0.2605,TRUE
"EC-1843",2024-09-15,"CUST-121","Logan Martin","Denim Jeans","Clothing",1,4900,4900,1575.5,"Chicago","Illinois","Central",2024,9,"Q3","Sep",0.3215,FALSE
"EC-1844",2024-07-19,"CUST-138","Chloe Baker","iPad Air","Electronics",5,49000,245000,75442.46,"Dallas","Texas","Central",2024,7,"Q3","Jul",0.3079,TRUE
"EC-1845",2025-05-25,"CUST-103","Michael Johnson","Sony WH-1000XM5","Electronics",2,33000,66000,21343.13,"Dallas","Texas","Central",2025,5,"Q2","May",0.3234,FALSE
"EC-1846",2026-03-23,"CUST-126","Avery Walker","Cotton Slim Fit T-Shirt","Clothing",3,2000,6000,3070.64,"San Francisco","California","West",2026,3,"Q1","Mar",0.5118,FALSE
"EC-1847",2024-03-31,"CUST-112","Mia Thomas","Dell XPS 15","Electronics",2,124000,248000,31488.99,"Nashville","Tennessee","South",2024,3,"Q1","Mar",0.127,TRUE
"EC-1848",2026-03-07,"CUST-119","Matthew White","Heavy Duty Stapler","Office Supplies",1,1800,1800,669.53,"San Francisco","California","West",2026,3,"Q1","Mar",0.372,FALSE
"EC-1849",2025-12-31,"CUST-149","Julian Evans","Solid Oak Dining Table","Furniture",3,66000,198000,-17914.21,"Houston","Texas","Central",2025,12,"Q4","Dec",-0.0905,TRUE
"EC-1851",2024-10-24,"CUST-146","Lillian Phillips","Heavy Duty Stapler","Office Supplies",1,1800,1800,919.23,"Boston","Massachusetts","East",2024,10,"Q4","Oct",0.5107,FALSE
"EC-1852",2024-01-17,"CUST-110","Isabella Wilson","Solid Oak Dining Table","Furniture",1,66000,66000,-9195.78,"Nashville","Tennessee","South",2024,1,"Q1","Jan",-0.1393,FALSE
"EC-1853",2025-04-26,"CUST-127","Jackson Hall","Denim Jeans","Clothing",2,4900,9800,5002.63,"Atlanta","Georgia","South",2025,4,"Q2","Apr",0.5105,FALSE
"EC-1854",2025-06-15,"CUST-130","Ella Hernandez","Premium Notebook Pack","Office Supplies",1,1200,1200,565.99,"Boston","Massachusetts","East",2025,6,"Q2","Jun",0.4717,FALSE
"EC-1855",2025-03-08,"CUST-140","Camila Nelson","Dry Erase Whiteboard","Office Supplies",4,3700,14800,6337.07,"Nashville","Tennessee","South",2025,3,"Q1","Mar",0.4282,FALSE
"EC-1856",2025-04-18,"CUST-106","Olivia Jones","Sony WH-1000XM5","Electronics",1,33000,33000,6301.07,"Miami","Florida","South",2025,4,"Q2","Apr",0.1909,FALSE
"EC-1857",2024-03-16,"CUST-147","Daniel Campbell","Running Shoes","Clothing",2,9900,19800,4953.55,"Seattle","Washington","West",2024,3,"Q1","Mar",0.2502,FALSE
"EC-1858",2024-03-28,"CUST-133","Luke Lopez","Solid Oak Dining Table","Furniture",4,66000,264000,48923.88,"Philadelphia","Pennsylvania","East",2024,3,"Q1","Mar",0.1853,TRUE
"EC-1859",2024-06-06,"CUST-132","Scarlett Wright","Solid Oak Dining Table","Furniture",1,66000,66000,16381.55,"Los Angeles","California","West",2024,6,"Q2","Jun",0.2482,FALSE
"EC-1860",2025-12-26,"CUST-139","Carter Gonzalez","Gel Pen Set (12-pack)","Office Supplies",1,900,900,493.49,"Miami","Florida","South",2025,12,"Q4","Dec",0.5483,FALSE
"EC-1861",2025-04-22,"CUST-145","Matthew Turner","LED Desk Lamp","Furniture",3,4000,12000,-1106.15,"Atlanta","Georgia","South",2025,4,"Q2","Apr",-0.0922,FALSE
"EC-1862",2025-11-21,"CUST-130","Ella Hernandez","Gel Pen Set (12-pack)","Office Supplies",2,900,1800,837.13,"Chicago","Illinois","Central",2025,11,"Q4","Nov",0.4651,FALSE
"EC-1863",2025-04-02,"CUST-105","William Brown","Modern Sofa","Furniture",2,74500,149000,32974.3,"Los Angeles","California","West",2025,4,"Q2","Apr",0.2213,FALSE
"EC-1864",2024-04-21,"CUST-149","Julian Evans","iPad Air","Electronics",4,49000,196000,64697.7,"Atlanta","Georgia","South",2024,4,"Q2","Apr",0.3301,TRUE
"EC-1865",2024-06-09,"CUST-129","Sebastian Young","Sony WH-1000XM5","Electronics",1,33000,33000,5132.73,"Chicago","Illinois","Central",2024,6,"Q2","Jun",0.1555,FALSE
"EC-1866",2024-04-15,"CUST-149","Julian Evans","Sony WH-1000XM5","Electronics",2,33000,66000,14639.17,"Miami","Florida","South",2024,4,"Q2","Apr",0.2218,FALSE
"EC-1867",2024-05-14,"CUST-129","Sebastian Young","Modern Sofa","Furniture",1,74500,74500,5999.33,"Atlanta","Georgia","South",2024,5,"Q2","May",0.0805,FALSE
"EC-1868",2025-06-20,"CUST-106","Olivia Jones","Denim Jeans","Clothing",3,4900,14700,7669.87,"Chicago","Illinois","Central",2025,6,"Q2","Jun",0.5218,FALSE
"EC-1869",2025-06-19,"CUST-106","Olivia Jones","Running Shoes","Clothing",2,9900,19800,6370.37,"New York","New York","East",2025,6,"Q2","Jun",0.3217,FALSE
"EC-1870",2026-02-05,"CUST-119","Matthew White","Ergonomic Office Chair","Furniture",1,20500,20500,3054.41,"Miami","Florida","South",2026,2,"Q1","Feb",0.149,FALSE
"EC-1871",2026-04-13,"CUST-142","Penelope Mitchell","Dell XPS 15","Electronics",2,124000,248000,56803.17,"Atlanta","Georgia","South",2026,4,"Q2","Apr",0.229,TRUE
"EC-1872",2024-10-18,"CUST-147","Daniel Campbell","Ergonomic Office Chair","Furniture",2,20500,41000,6081.29,"Boston","Massachusetts","East",2024,10,"Q4","Oct",0.1483,FALSE
"EC-1873",2026-02-14,"CUST-126","Avery Walker","LED Desk Lamp","Furniture",2,4000,8000,172.49,"Nashville","Tennessee","South",2026,2,"Q1","Feb",0.0216,FALSE
"EC-1874",2024-07-24,"CUST-117","Daniel Lee","Heavy Duty Stapler","Office Supplies",1,1800,1800,1071.57,"Los Angeles","California","West",2024,7,"Q3","Jul",0.5953,FALSE
"EC-1875",2024-05-24,"CUST-112","Mia Thomas","Dell XPS 15","Electronics",2,124000,248000,33838.42,"Chicago","Illinois","Central",2024,5,"Q2","May",0.1364,TRUE
"EC-1876",2025-11-28,"CUST-102","Jane Smith","iPad Air","Electronics",1,49000,49000,8893.95,"Philadelphia","Pennsylvania","East",2025,11,"Q4","Nov",0.1815,FALSE
"EC-1877",2026-01-22,"CUST-122","Abigail Clark","Modern Sofa","Furniture",1,74500,74500,2146.98,"Dallas","Texas","Central",2026,1,"Q1","Jan",0.0288,FALSE
"EC-1878",2024-05-24,"CUST-134","Grace Hill","Running Shoes","Clothing",1,9900,9900,2709.74,"San Francisco","California","West",2024,5,"Q2","May",0.2737,FALSE
"EC-1880",2026-05-13,"CUST-134","Grace Hill","Dry Erase Whiteboard","Office Supplies",1,3700,3700,2173.12,"Nashville","Tennessee","South",2026,5,"Q2","May",0.5873,FALSE
"EC-1881",2025-11-22,"CUST-104","Emily Davis","Denim Jeans","Clothing",3,4900,14700,7199.58,"Chicago","Illinois","Central",2025,11,"Q4","Nov",0.4898,FALSE
"EC-1882",2024-01-25,"CUST-140","Camila Nelson","Premium Notebook Pack","Office Supplies",2,1200,2400,909.57,"Seattle","Washington","West",2024,1,"Q1","Jan",0.379,FALSE
"EC-1883",2025-05-24,"CUST-137","Gabriel Adams","Heavy Duty Stapler","Office Supplies",1,1800,1800,750.04,"Dallas","Texas","Central",2025,5,"Q2","May",0.4167,FALSE
"EC-1884",2025-04-30,"CUST-116","Amelia Martin","Waterproof Leather Jacket","Clothing",2,14900,29800,9086.92,"Atlanta","Georgia","South",2025,4,"Q2","Apr",0.3049,FALSE
"EC-1885",2024-07-13,"CUST-102","Jane Smith","iPad Air","Electronics",1,49000,49000,16824.99,"Nashville","Tennessee","South",2024,7,"Q3","Jul",0.3434,FALSE
"EC-1886",2025-10-15,"CUST-137","Gabriel Adams","Ergonomic Office Chair","Furniture",1,20500,20500,315.08,"Chicago","Illinois","Central",2025,10,"Q4","Oct",0.0154,FALSE
"EC-1887",2025-07-21,"CUST-119","Matthew White","Heavy Duty Stapler","Office Supplies",2,1800,3600,2061.8,"Chicago","Illinois","Central",2025,7,"Q3","Jul",0.5727,FALSE
"EC-1888",2025-11-14,"CUST-142","Penelope Mitchell","Waterproof Leather Jacket","Clothing",1,14900,14900,6915.79,"Dallas","Texas","Central",2025,11,"Q4","Nov",0.4641,FALSE
"EC-1889",2025-11-25,"CUST-128","Sofia Allen","Solid Oak Dining Table","Furniture",1,66000,66000,3083.93,"Boston","Massachusetts","East",2025,11,"Q4","Nov",0.0467,FALSE
"EC-1890",2026-01-19,"CUST-105","William Brown","Modern Sofa","Furniture",1,74500,74500,10543.92,"New York","New York","East",2026,1,"Q1","Jan",0.1415,FALSE
"EC-1891",2025-08-01,"CUST-113","Alexander Taylor","Heavy Duty Stapler","Office Supplies",1,1800,1800,704.46,"Los Angeles","California","West",2025,8,"Q3","Aug",0.3914,FALSE
"EC-1892",2024-06-12,"CUST-135","Owen Scott","Running Shoes","Clothing",2,9900,19800,5147.07,"Philadelphia","Pennsylvania","East",2024,6,"Q2","Jun",0.26,FALSE
"EC-1893",2024-10-17,"CUST-116","Amelia Martin","Gel Pen Set (12-pack)","Office Supplies",2,900,1800,1079.7,"Dallas","Texas","Central",2024,10,"Q4","Oct",0.5998,FALSE
"EC-1894",2024-02-08,"CUST-144","Layla Roberts","Premium Notebook Pack","Office Supplies",2,1200,2400,1269.44,"Dallas","Texas","Central",2024,2,"Q1","Feb",0.5289,FALSE
"EC-1895",2025-04-25,"CUST-136","Victoria Green","Ergonomic Office Chair","Furniture",2,20500,41000,2781.1,"Atlanta","Georgia","South",2025,4,"Q2","Apr",0.0678,FALSE
"EC-1896",2025-11-30,"CUST-136","Victoria Green","Solid Oak Dining Table","Furniture",1,66000,66000,-8890.19,"Houston","Texas","Central",2025,11,"Q4","Nov",-0.1347,FALSE
"EC-1897",2024-09-04,"CUST-136","Victoria Green","Ergonomic Office Chair","Furniture",2,20500,41000,-4908.7,"Houston","Texas","Central",2024,9,"Q3","Sep",-0.1197,FALSE
"EC-1898",2026-03-15,"CUST-149","Julian Evans","Cotton Slim Fit T-Shirt","Clothing",1,2000,2000,1092.68,"Miami","Florida","South",2026,3,"Q1","Mar",0.5463,FALSE
"EC-1899",2026-05-03,"CUST-101","John Doe","Gel Pen Set (12-pack)","Office Supplies",1,900,900,323.78,"New York","New York","East",2026,5,"Q2","May",0.3598,FALSE
"EC-1900",2025-01-22,"CUST-128","Sofia Allen","LED Desk Lamp","Furniture",2,4000,8000,-646.92,"Philadelphia","Pennsylvania","East",2025,1,"Q1","Jan",-0.0809,FALSE
"EC-1901",2024-10-11,"CUST-118","Harper Thompson","Waterproof Leather Jacket","Clothing",1,14900,14900,7249.56,"Seattle","Washington","West",2024,10,"Q4","Oct",0.4865,FALSE
"EC-1902",2025-04-19,"CUST-104","Emily Davis","LED Desk Lamp","Furniture",1,4000,4000,926.7,"Los Angeles","California","West",2025,4,"Q2","Apr",0.2317,FALSE
"EC-1903",2025-01-26,"CUST-140","Camila Nelson","LED Desk Lamp","Furniture",2,4000,8000,454.62,"Nashville","Tennessee","South",2025,1,"Q1","Jan",0.0568,FALSE
"EC-1904",2024-10-26,"CUST-142","Penelope Mitchell","iPhone 15 Pro","Electronics",1,82900,82900,16952.75,"San Francisco","California","West",2024,10,"Q4","Oct",0.2045,FALSE
"EC-1905",2024-10-26,"CUST-132","Scarlett Wright","Modern Sofa","Furniture",2,74500,149000,28901.99,"Philadelphia","Pennsylvania","East",2024,10,"Q4","Oct",0.194,FALSE
"EC-1906",2025-06-07,"CUST-110","Isabella Wilson","Dell XPS 15","Electronics",4,124000,496000,143095.69,"Nashville","Tennessee","South",2025,6,"Q2","Jun",0.2885,TRUE
"EC-1907",2024-04-20,"CUST-134","Grace Hill","Heavy Duty Stapler","Office Supplies",2,1800,3600,1396.83,"Atlanta","Georgia","South",2024,4,"Q2","Apr",0.388,FALSE
"EC-1908",2025-10-10,"CUST-121","Logan Martin","iPad Air","Electronics",2,49000,98000,16517.47,"Nashville","Tennessee","South",2025,10,"Q4","Oct",0.1685,FALSE
"EC-1909",2024-03-28,"CUST-103","Michael Johnson","Dry Erase Whiteboard","Office Supplies",1,3700,3700,2259.64,"Boston","Massachusetts","East",2024,3,"Q1","Mar",0.6107,FALSE
"EC-1910",2025-12-07,"CUST-120","Evelyn Harris","Modern Sofa","Furniture",2,74500,149000,10215.98,"Chicago","Illinois","Central",2025,12,"Q4","Dec",0.0686,FALSE
"EC-1911",2024-05-10,"CUST-120","Evelyn Harris","Premium Notebook Pack","Office Supplies",2,1200,2400,1016.19,"Los Angeles","California","West",2024,5,"Q2","May",0.4234,FALSE
"EC-1912",2025-10-27,"CUST-103","Michael Johnson","Sony WH-1000XM5","Electronics",3,33000,99000,28466.32,"Boston","Massachusetts","East",2025,10,"Q4","Oct",0.2875,FALSE
"EC-1913",2024-12-26,"CUST-150","Zoe Edwards","Denim Jeans","Clothing",2,4900,9800,2993.99,"New York","New York","East",2024,12,"Q4","Dec",0.3055,FALSE
"EC-1914",2026-02-06,"CUST-148","Nora Parker","Solid Oak Dining Table","Furniture",2,66000,132000,29659.69,"Dallas","Texas","Central",2026,2,"Q1","Feb",0.2247,FALSE
"EC-1915",2025-01-25,"CUST-145","Matthew Turner","Heavy Duty Stapler","Office Supplies",4,1800,7200,2764.55,"Boston","Massachusetts","East",2025,1,"Q1","Jan",0.384,FALSE
"EC-1916",2025-02-14,"CUST-114","Charlotte Moore","Running Shoes","Clothing",1,9900,9900,3262.96,"Miami","Florida","South",2025,2,"Q1","Feb",0.3296,FALSE
"EC-1917",2025-04-15,"CUST-115","Ethan Jackson","Running Shoes","Clothing",1,9900,9900,4128.19,"New York","New York","East",2025,4,"Q2","Apr",0.417,FALSE
"EC-1918",2026-01-18,"CUST-110","Isabella Wilson","Gel Pen Set (12-pack)","Office Supplies",1,900,900,330.9,"New York","New York","East",2026,1,"Q1","Jan",0.3677,FALSE
"EC-1919",2025-03-08,"CUST-105","William Brown","iPad Air","Electronics",3,49000,147000,21999.33,"Miami","Florida","South",2025,3,"Q1","Mar",0.1497,FALSE
"EC-1920",2024-08-11,"CUST-102","Jane Smith","Solid Oak Dining Table","Furniture",4,66000,264000,-27965.2,"Boston","Massachusetts","East",2024,8,"Q3","Aug",-0.1059,TRUE
"EC-1921",2024-03-19,"CUST-146","Lillian Phillips","Ergonomic Office Chair","Furniture",1,20500,20500,4025.16,"Nashville","Tennessee","South",2024,3,"Q1","Mar",0.1963,FALSE
"EC-1922",2024-10-29,"CUST-107","James Garcia","Heavy Duty Stapler","Office Supplies",1,1800,1800,927.07,"New York","New York","East",2024,10,"Q4","Oct",0.515,FALSE
"EC-1923",2025-02-07,"CUST-116","Amelia Martin","Premium Notebook Pack","Office Supplies",2,1200,2400,1118.22,"Philadelphia","Pennsylvania","East",2025,2,"Q1","Feb",0.4659,FALSE
"EC-1924",2025-08-25,"CUST-136","Victoria Green","Modern Sofa","Furniture",4,74500,298000,27095.35,"Seattle","Washington","West",2025,8,"Q3","Aug",0.0909,TRUE
"EC-1925",2025-07-10,"CUST-123","David Rodriguez","iPad Air","Electronics",1,49000,49000,13717.84,"Boston","Massachusetts","East",2025,7,"Q3","Jul",0.28,FALSE
"EC-1926",2024-05-26,"CUST-150","Zoe Edwards","Denim Jeans","Clothing",1,4900,4900,1925.18,"San Francisco","California","West",2024,5,"Q2","May",0.3929,FALSE
"EC-1927",2025-07-31,"CUST-141","Henry Carter","Modern Sofa","Furniture",3,74500,223500,19485.53,"San Francisco","California","West",2025,7,"Q3","Jul",0.0872,TRUE
"EC-1928",2025-11-07,"CUST-113","Alexander Taylor","Dell XPS 15","Electronics",5,124000,620000,148530.05,"Houston","Texas","Central",2025,11,"Q4","Nov",0.2396,TRUE
"EC-1929",2024-04-14,"CUST-133","Luke Lopez","Cotton Slim Fit T-Shirt","Clothing",2,2000,4000,1290.65,"Atlanta","Georgia","South",2024,4,"Q2","Apr",0.3227,FALSE
"EC-1930",2026-02-03,"CUST-118","Harper Thompson","Dell XPS 15","Electronics",2,124000,248000,51321.99,"Atlanta","Georgia","South",2026,2,"Q1","Feb",0.2069,TRUE
"EC-1931",2025-11-20,"CUST-125","Joseph Lee","Waterproof Leather Jacket","Clothing",1,14900,14900,4180.31,"Los Angeles","California","West",2025,11,"Q4","Nov",0.2806,FALSE
"EC-1932",2024-02-02,"CUST-112","Mia Thomas","Gel Pen Set (12-pack)","Office Supplies",1,900,900,405.91,"Boston","Massachusetts","East",2024,2,"Q1","Feb",0.451,FALSE
"EC-1933",2024-11-19,"CUST-117","Daniel Lee","Running Shoes","Clothing",2,9900,19800,7185.02,"Los Angeles","California","West",2024,11,"Q4","Nov",0.3629,FALSE
"EC-1934",2024-03-22,"CUST-136","Victoria Green","Dry Erase Whiteboard","Office Supplies",2,3700,7400,4782.59,"Boston","Massachusetts","East",2024,3,"Q1","Mar",0.6463,FALSE
"EC-1935",2025-07-27,"CUST-112","Mia Thomas","iPad Air","Electronics",2,49000,98000,13848.22,"Dallas","Texas","Central",2025,7,"Q3","Jul",0.1413,FALSE
"EC-1936",2025-09-04,"CUST-139","Carter Gonzalez","Running Shoes","Clothing",4,9900,39600,16250.19,"Boston","Massachusetts","East",2025,9,"Q3","Sep",0.4104,FALSE
"EC-1937",2024-04-08,"CUST-102","Jane Smith","Heavy Duty Stapler","Office Supplies",3,1800,5400,2029.29,"Chicago","Illinois","Central",2024,4,"Q2","Apr",0.3758,FALSE
"EC-1938",2026-03-20,"CUST-144","Layla Roberts","Waterproof Leather Jacket","Clothing",1,14900,14900,7700.76,"Philadelphia","Pennsylvania","East",2026,3,"Q1","Mar",0.5168,FALSE
"EC-1939",2024-02-25,"CUST-139","Carter Gonzalez","Dry Erase Whiteboard","Office Supplies",4,3700,14800,7932.3,"Houston","Texas","Central",2024,2,"Q1","Feb",0.536,FALSE
"EC-1940",2024-06-01,"CUST-114","Charlotte Moore","Modern Sofa","Furniture",1,74500,74500,18493.3,"Chicago","Illinois","Central",2024,6,"Q2","Jun",0.2482,FALSE
"EC-1941",2025-11-09,"CUST-117","Daniel Lee","Heavy Duty Stapler","Office Supplies",1,1800,1800,841.19,"Houston","Texas","Central",2025,11,"Q4","Nov",0.4673,FALSE
"EC-1942",2024-01-14,"CUST-145","Matthew Turner","Modern Sofa","Furniture",2,74500,149000,-16835.66,"San Francisco","California","West",2024,1,"Q1","Jan",-0.113,FALSE
"EC-1943",2024-03-01,"CUST-129","Sebastian Young","iPad Air","Electronics",1,49000,49000,11357.35,"Boston","Massachusetts","East",2024,3,"Q1","Mar",0.2318,FALSE
"EC-1944",2026-05-08,"CUST-140","Camila Nelson","Denim Jeans","Clothing",2,4900,9800,3758.93,"Nashville","Tennessee","South",2026,5,"Q2","May",0.3836,FALSE
"EC-1945",2024-03-14,"CUST-149","Julian Evans","Premium Notebook Pack","Office Supplies",5,1200,6000,3604.55,"New York","New York","East",2024,3,"Q1","Mar",0.6008,FALSE
"EC-1946",2025-05-26,"CUST-134","Grace Hill","Ergonomic Office Chair","Furniture",2,20500,41000,2032.54,"Los Angeles","California","West",2025,5,"Q2","May",0.0496,FALSE
"EC-1947",2025-08-08,"CUST-105","William Brown","Premium Notebook Pack","Office Supplies",1,1200,1200,440.43,"Nashville","Tennessee","South",2025,8,"Q3","Aug",0.367,FALSE
"EC-1948",2025-11-11,"CUST-104","Emily Davis","Dry Erase Whiteboard","Office Supplies",1,3700,3700,2278.54,"Los Angeles","California","West",2025,11,"Q4","Nov",0.6158,FALSE
"EC-1949",2025-11-09,"CUST-140","Camila Nelson","Ergonomic Office Chair","Furniture",2,20500,41000,7696.34,"Nashville","Tennessee","South",2025,11,"Q4","Nov",0.1877,FALSE
"EC-1950",2024-03-10,"CUST-107","James Garcia","iPad Air","Electronics",1,49000,49000,10064.39,"Houston","Texas","Central",2024,3,"Q1","Mar",0.2054,FALSE
"EC-1951",2025-02-15,"CUST-131","Jack King","Cotton Slim Fit T-Shirt","Clothing",4,2000,8000,4144.59,"Houston","Texas","Central",2025,2,"Q1","Feb",0.5181,FALSE
"EC-1952",2026-02-14,"CUST-108","Sophia Martinez","iPad Air","Electronics",5,49000,245000,64525.66,"San Francisco","California","West",2026,2,"Q1","Feb",0.2634,TRUE
"EC-1953",2025-11-01,"CUST-115","Ethan Jackson","Gel Pen Set (12-pack)","Office Supplies",1,900,900,490.34,"Miami","Florida","South",2025,11,"Q4","Nov",0.5448,FALSE
"EC-1954",2024-03-30,"CUST-143","Wyatt Perez","iPhone 15 Pro","Electronics",1,82900,82900,20854.3,"San Francisco","California","West",2024,3,"Q1","Mar",0.2516,FALSE
"EC-1955",2024-07-08,"CUST-122","Abigail Clark","Waterproof Leather Jacket","Clothing",4,14900,59600,16595.63,"Nashville","Tennessee","South",2024,7,"Q3","Jul",0.2785,FALSE
"EC-1956",2026-03-02,"CUST-111","Lucas Anderson","Ergonomic Office Chair","Furniture",3,20500,61500,6668.8,"Dallas","Texas","Central",2026,3,"Q1","Mar",0.1084,FALSE
"EC-1957",2024-10-19,"CUST-118","Harper Thompson","Gel Pen Set (12-pack)","Office Supplies",3,900,2700,1496.25,"Seattle","Washington","West",2024,10,"Q4","Oct",0.5542,FALSE
"EC-1958",2024-11-09,"CUST-144","Layla Roberts","Sony WH-1000XM5","Electronics",1,33000,33000,5935.42,"Miami","Florida","South",2024,11,"Q4","Nov",0.1799,FALSE
"EC-1959",2024-12-04,"CUST-124","Elizabeth Lewis","Running Shoes","Clothing",1,9900,9900,5156.12,"Houston","Texas","Central",2024,12,"Q4","Dec",0.5208,FALSE
"EC-1960",2025-08-18,"CUST-119","Matthew White","Waterproof Leather Jacket","Clothing",1,14900,14900,8172.63,"Chicago","Illinois","Central",2025,8,"Q3","Aug",0.5485,FALSE
"EC-1961",2024-01-11,"CUST-103","Michael Johnson","Premium Notebook Pack","Office Supplies",1,1200,1200,532.47,"Seattle","Washington","West",2024,1,"Q1","Jan",0.4437,FALSE
"EC-1962",2026-05-08,"CUST-144","Layla Roberts","Cotton Slim Fit T-Shirt","Clothing",2,2000,4000,1152.4,"Atlanta","Georgia","South",2026,5,"Q2","May",0.2881,FALSE
"EC-1963",2026-01-22,"CUST-141","Henry Carter","Heavy Duty Stapler","Office Supplies",2,1800,3600,1955.07,"New York","New York","East",2026,1,"Q1","Jan",0.5431,FALSE
"EC-1964",2024-11-22,"CUST-139","Carter Gonzalez","Waterproof Leather Jacket","Clothing",5,14900,74500,27081.72,"Atlanta","Georgia","South",2024,11,"Q4","Nov",0.3635,FALSE
"EC-1965",2025-03-15,"CUST-128","Sofia Allen","Running Shoes","Clothing",5,9900,49500,26257.56,"Los Angeles","California","West",2025,3,"Q1","Mar",0.5305,FALSE
"EC-1966",2024-12-27,"CUST-127","Jackson Hall","Ergonomic Office Chair","Furniture",3,20500,61500,7045.04,"Los Angeles","California","West",2024,12,"Q4","Dec",0.1146,FALSE
"EC-1967",2024-06-20,"CUST-127","Jackson Hall","iPad Air","Electronics",3,49000,147000,47379.25,"Boston","Massachusetts","East",2024,6,"Q2","Jun",0.3223,TRUE
"EC-1968",2025-01-08,"CUST-102","Jane Smith","Heavy Duty Stapler","Office Supplies",1,1800,1800,990.16,"Houston","Texas","Central",2025,1,"Q1","Jan",0.5501,FALSE
"EC-1969",2024-05-11,"CUST-110","Isabella Wilson","Gel Pen Set (12-pack)","Office Supplies",1,900,900,430.14,"Houston","Texas","Central",2024,5,"Q2","May",0.4779,FALSE
"EC-1970",2024-06-07,"CUST-127","Jackson Hall","Heavy Duty Stapler","Office Supplies",1,1800,1800,695.43,"Miami","Florida","South",2024,6,"Q2","Jun",0.3863,FALSE
"EC-1971",2024-06-28,"CUST-106","Olivia Jones","Dry Erase Whiteboard","Office Supplies",1,3700,3700,2358.39,"Chicago","Illinois","Central",2024,6,"Q2","Jun",0.6374,FALSE
"EC-1972",2025-06-30,"CUST-127","Jackson Hall","Gel Pen Set (12-pack)","Office Supplies",1,900,900,433.88,"Seattle","Washington","West",2025,6,"Q2","Jun",0.4821,FALSE
"EC-1973",2024-07-07,"CUST-130","Ella Hernandez","Cotton Slim Fit T-Shirt","Clothing",1,2000,2000,767.17,"Boston","Massachusetts","East",2024,7,"Q3","Jul",0.3836,FALSE
"EC-1974",2024-03-05,"CUST-144","Layla Roberts","iPad Air","Electronics",1,49000,49000,6791.61,"Nashville","Tennessee","South",2024,3,"Q1","Mar",0.1386,FALSE
"EC-1975",2025-03-07,"CUST-105","William Brown","Sony WH-1000XM5","Electronics",3,33000,99000,15361.65,"Miami","Florida","South",2025,3,"Q1","Mar",0.1552,FALSE
"EC-1976",2026-06-08,"CUST-131","Jack King","LED Desk Lamp","Furniture",3,4000,12000,2138.48,"Houston","Texas","Central",2026,6,"Q2","Jun",0.1782,FALSE
"EC-1977",2024-09-17,"CUST-120","Evelyn Harris","iPhone 15 Pro","Electronics",5,82900,414500,82858.64,"Boston","Massachusetts","East",2024,9,"Q3","Sep",0.1999,TRUE
"EC-1978",2025-05-13,"CUST-149","Julian Evans","Cotton Slim Fit T-Shirt","Clothing",5,2000,10000,3036.65,"Houston","Texas","Central",2025,5,"Q2","May",0.3037,FALSE
"EC-1979",2025-06-12,"CUST-120","Evelyn Harris","iPad Air","Electronics",2,49000,98000,28998.95,"Miami","Florida","South",2025,6,"Q2","Jun",0.2959,FALSE
"EC-1980",2024-02-12,"CUST-106","Olivia Jones","Ergonomic Office Chair","Furniture",1,20500,20500,-2008.66,"Nashville","Tennessee","South",2024,2,"Q1","Feb",-0.098,FALSE
"EC-1981",2025-03-24,"CUST-102","Jane Smith","Running Shoes","Clothing",2,9900,19800,9796.64,"Los Angeles","California","West",2025,3,"Q1","Mar",0.4948,FALSE
"EC-1982",2025-06-28,"CUST-126","Avery Walker","Sony WH-1000XM5","Electronics",3,33000,99000,23212,"Philadelphia","Pennsylvania","East",2025,6,"Q2","Jun",0.2345,FALSE
"EC-1983",2025-08-16,"CUST-103","Michael Johnson","iPad Air","Electronics",2,49000,98000,31575.23,"Chicago","Illinois","Central",2025,8,"Q3","Aug",0.3222,FALSE
"EC-1985",2025-05-24,"CUST-116","Amelia Martin","Dell XPS 15","Electronics",5,124000,620000,199054.68,"Atlanta","Georgia","South",2025,5,"Q2","May",0.3211,TRUE
"EC-1986",2024-03-09,"CUST-143","Wyatt Perez","Modern Sofa","Furniture",4,74500,298000,24943.22,"Nashville","Tennessee","South",2024,3,"Q1","Mar",0.0837,TRUE
"EC-1987",2026-03-17,"CUST-120","Evelyn Harris","Sony WH-1000XM5","Electronics",1,33000,33000,8236.87,"San Francisco","California","West",2026,3,"Q1","Mar",0.2496,FALSE
"EC-1988",2025-12-20,"CUST-109","Benjamin Miller","Cotton Slim Fit T-Shirt","Clothing",2,2000,4000,1347.08,"Dallas","Texas","Central",2025,12,"Q4","Dec",0.3368,FALSE
"EC-1989",2024-09-25,"CUST-125","Joseph Lee","Premium Notebook Pack","Office Supplies",1,1200,1200,634.48,"New York","New York","East",2024,9,"Q3","Sep",0.5287,FALSE
"EC-1990",2024-10-15,"CUST-150","Zoe Edwards","Gel Pen Set (12-pack)","Office Supplies",1,900,900,386.52,"Boston","Massachusetts","East",2024,10,"Q4","Oct",0.4295,FALSE
"EC-1991",2025-01-10,"CUST-132","Scarlett Wright","iPad Air","Electronics",3,49000,147000,31956.63,"Philadelphia","Pennsylvania","East",2025,1,"Q1","Jan",0.2174,FALSE
"EC-1992",2026-02-05,"CUST-107","James Garcia","Gel Pen Set (12-pack)","Office Supplies",3,900,2700,989.84,"Chicago","Illinois","Central",2026,2,"Q1","Feb",0.3666,FALSE
"EC-1993",2024-08-30,"CUST-113","Alexander Taylor","Dell XPS 15","Electronics",1,124000,124000,30945.99,"San Francisco","California","West",2024,8,"Q3","Aug",0.2496,FALSE
"EC-1994",2025-11-20,"CUST-126","Avery Walker","iPhone 15 Pro","Electronics",5,82900,414500,50372.53,"San Francisco","California","West",2025,11,"Q4","Nov",0.1215,TRUE
"EC-1995",2025-10-11,"CUST-125","Joseph Lee","Modern Sofa","Furniture",1,74500,74500,17354.26,"Houston","Texas","Central",2025,10,"Q4","Oct",0.2329,FALSE
"EC-1996",2025-08-12,"CUST-142","Penelope Mitchell","Ergonomic Office Chair","Furniture",4,20500,82000,16123.3,"Nashville","Tennessee","South",2025,8,"Q3","Aug",0.1966,FALSE
"EC-1997",2025-09-09,"CUST-147","Daniel Campbell","Denim Jeans","Clothing",5,4900,24500,6491.32,"Nashville","Tennessee","South",2025,9,"Q3","Sep",0.265,FALSE
"EC-1998",2024-09-03,"CUST-112","Mia Thomas","Denim Jeans","Clothing",2,4900,9800,5274.87,"Atlanta","Georgia","South",2024,9,"Q3","Sep",0.5383,FALSE
"EC-1999",2024-04-07,"CUST-127","Jackson Hall","Heavy Duty Stapler","Office Supplies",2,1800,3600,2269.85,"Nashville","Tennessee","South",2024,4,"Q2","Apr",0.6305,FALSE
"EC-2000",2024-07-26,"CUST-129","Sebastian Young","Sony WH-1000XM5","Electronics",3,33000,99000,32271.28,"Seattle","Washington","West",2024,7,"Q3","Jul",0.326,FALSE
